-- --------------------------------------------------------
-- Host:                         127.0.0.1
-- Server version:               10.1.16-MariaDB - mariadb.org binary distribution
-- Server OS:                    Win32
-- HeidiSQL Version:             9.4.0.5125
-- --------------------------------------------------------

/*!40101 SET @OLD_CHARACTER_SET_CLIENT=@@CHARACTER_SET_CLIENT */;
/*!40101 SET NAMES utf8 */;
/*!50503 SET NAMES utf8mb4 */;
/*!40014 SET @OLD_FOREIGN_KEY_CHECKS=@@FOREIGN_KEY_CHECKS, FOREIGN_KEY_CHECKS=0 */;
/*!40101 SET @OLD_SQL_MODE=@@SQL_MODE, SQL_MODE='NO_AUTO_VALUE_ON_ZERO' */;


-- Dumping database structure for xtd_form_definition
CREATE DATABASE IF NOT EXISTS `xtd_form_definition` /*!40100 DEFAULT CHARACTER SET utf8 */;
USE `xtd_form_definition`;

-- Dumping structure for table xtd_form_definition.folders
CREATE TABLE IF NOT EXISTS `folders` (
  `id` int(10) unsigned NOT NULL AUTO_INCREMENT,
  `parent_id` int(10) unsigned DEFAULT '0',
  `name` varchar(500) NOT NULL,
  `color` varchar(10) DEFAULT NULL,
  `icon` varchar(512) DEFAULT NULL,
  `is_featured` tinyint(4) DEFAULT '0',
  `sequence` int(11) NOT NULL DEFAULT '1',
  `tags` varchar(500) DEFAULT NULL,
  `status` varchar(10) NOT NULL,
  `created_date` datetime NOT NULL,
  `created_by` int(10) unsigned NOT NULL,
  `last_modified_date` datetime NOT NULL,
  `last_modified_by` int(10) unsigned NOT NULL,
  `concurrent_id` timestamp NOT NULL DEFAULT CURRENT_TIMESTAMP ON UPDATE CURRENT_TIMESTAMP,
  PRIMARY KEY (`id`)
) ENGINE=InnoDB AUTO_INCREMENT=12 DEFAULT CHARSET=utf8;

-- Dumping data for table xtd_form_definition.folders: ~6 rows (approximately)
/*!40000 ALTER TABLE `folders` DISABLE KEYS */;
REPLACE INTO `folders` (`id`, `parent_id`, `name`, `color`, `icon`, `is_featured`, `sequence`, `tags`, `status`, `created_date`, `created_by`, `last_modified_date`, `last_modified_by`, `concurrent_id`) VALUES
	(6, 0, 'Root', '', 'folder', 0, 1, NULL, 'ACTIVE', '2016-11-07 15:07:56', 3, '2016-11-07 15:08:01', 3, '2016-12-05 14:56:46'),
	(7, 6, 'Announcement', '', 'folder', 0, 1, NULL, 'ACTIVE', '2016-12-05 14:56:20', 3, '2016-12-05 14:56:20', 3, '2016-12-05 14:56:32'),
	(8, 7, 'To all', '', 'folder', 0, 0, '', 'ACTIVE', '2016-12-13 11:23:49', 3, '2016-12-13 11:23:49', 3, '2016-12-13 18:24:40'),
	(9, 7, 'urgent', '', 'folder', 0, 0, '', 'ACTIVE', '2016-12-13 11:32:16', 3, '2016-12-13 11:32:16', 3, '2016-12-13 18:32:16'),
	(10, 6, 'Jacky - Test', '', 'folder', 0, 0, '', 'ACTIVE', '2016-12-14 04:32:52', 4, '2016-12-14 04:32:52', 4, '2016-12-14 11:32:52'),
	(11, 6, '表单', '', 'folder', 0, 0, '', 'ACTIVE', '2016-12-16 16:44:40', 3, '2016-12-16 16:44:40', 3, '2016-12-16 23:44:40');
/*!40000 ALTER TABLE `folders` ENABLE KEYS */;

-- Dumping structure for table xtd_form_definition.forms
CREATE TABLE IF NOT EXISTS `forms` (
  `id` int(10) unsigned NOT NULL AUTO_INCREMENT,
  `folder_id` int(10) unsigned DEFAULT '0',
  `code` varchar(50) DEFAULT '0',
  `related_member_id` int(10) unsigned DEFAULT '0',
  `name` varchar(500) NOT NULL,
  `description` varchar(500) NOT NULL,
  `version` int(10) unsigned DEFAULT '1',
  `is_featured` tinyint(3) unsigned DEFAULT '0',
  `status` varchar(10) NOT NULL,
  `created_date` datetime NOT NULL,
  `created_by` int(10) unsigned NOT NULL,
  `last_modified_date` datetime NOT NULL,
  `last_modified_by` int(10) unsigned NOT NULL,
  `concurrent_id` timestamp NOT NULL DEFAULT CURRENT_TIMESTAMP ON UPDATE CURRENT_TIMESTAMP,
  PRIMARY KEY (`id`),
  KEY `FK_form_folder` (`folder_id`),
  KEY `FK_form_code` (`code`),
  CONSTRAINT `FK_form_folder` FOREIGN KEY (`folder_id`) REFERENCES `folders` (`id`)
) ENGINE=InnoDB AUTO_INCREMENT=5 DEFAULT CHARSET=utf8;

-- Dumping data for table xtd_form_definition.forms: ~4 rows (approximately)
/*!40000 ALTER TABLE `forms` DISABLE KEYS */;
REPLACE INTO `forms` (`id`, `folder_id`, `code`, `related_member_id`, `name`, `description`, `version`, `is_featured`, `status`, `created_date`, `created_by`, `last_modified_date`, `last_modified_by`, `concurrent_id`) VALUES
	(1, 11, '0', 0, '21項', '', 2, 0, 'ACTIVE', '2016-12-23 17:38:21', 3, '2016-12-23 17:49:03', 3, '2016-12-24 00:49:03'),
	(2, 7, '0', 0, 'new form', '', 1, 0, 'DELETED', '2016-12-24 11:43:53', 3, '2016-12-24 11:44:52', 3, '2016-12-24 18:44:52'),
	(3, 7, '0', 0, 'new form', '', 1, 0, 'DELETED', '2016-12-24 12:14:17', 3, '2016-12-24 12:16:11', 3, '2016-12-24 19:16:11'),
	(4, 7, '0', 0, 'new form111', '', 4, 0, 'ACTIVE', '2016-12-24 14:44:08', 3, '2016-12-24 14:52:55', 3, '2016-12-24 21:52:55');
/*!40000 ALTER TABLE `forms` ENABLE KEYS */;

-- Dumping structure for table xtd_form_definition.form_items
CREATE TABLE IF NOT EXISTS `form_items` (
  `id` int(10) unsigned NOT NULL AUTO_INCREMENT,
  `form_id` int(10) unsigned NOT NULL,
  `code` varchar(50) NOT NULL,
  `display` varchar(500) NOT NULL,
  `description` varchar(500) NOT NULL,
  `type` varchar(20) NOT NULL,
  `value_type` varchar(50) NOT NULL,
  `value_score` int(11) NOT NULL DEFAULT '0',
  `is_searchable` bit(1) DEFAULT b'0',
  `is_show_in_list` bit(1) DEFAULT b'1',
  `is_show_in_mobile_list` bit(1) DEFAULT b'1',
  `sort_sequence` int(10) unsigned DEFAULT NULL,
  `sequence` int(10) unsigned NOT NULL,
  `status` varchar(10) NOT NULL,
  `created_date` datetime NOT NULL,
  `created_by` int(10) unsigned NOT NULL,
  `last_modified_date` datetime NOT NULL,
  `last_modified_by` int(10) unsigned NOT NULL,
  `concurrent_id` timestamp NOT NULL DEFAULT CURRENT_TIMESTAMP ON UPDATE CURRENT_TIMESTAMP,
  PRIMARY KEY (`id`),
  KEY `FK_form_item_form` (`form_id`),
  KEY `FK_form_item_code` (`code`),
  CONSTRAINT `FK_form_item_form` FOREIGN KEY (`form_id`) REFERENCES `forms` (`id`)
) ENGINE=InnoDB AUTO_INCREMENT=27 DEFAULT CHARSET=utf8;

-- Dumping data for table xtd_form_definition.form_items: ~26 rows (approximately)
/*!40000 ALTER TABLE `form_items` DISABLE KEYS */;
REPLACE INTO `form_items` (`id`, `form_id`, `code`, `display`, `description`, `type`, `value_type`, `value_score`, `is_searchable`, `is_show_in_list`, `is_show_in_mobile_list`, `sort_sequence`, `sequence`, `status`, `created_date`, `created_by`, `last_modified_date`, `last_modified_by`, `concurrent_id`) VALUES
	(1, 1, '', '涉外时间', '', 'Date', 'string', 0, b'1', b'1', b'1', NULL, 0, 'ACTIVE', '2016-12-23 17:38:21', 3, '2016-12-23 17:49:03', 3, '2016-12-24 00:49:03'),
	(2, 1, '', '区域', '', 'Select', 'string', 0, b'1', b'1', b'1', NULL, 1, 'ACTIVE', '2016-12-23 17:38:21', 3, '2016-12-23 17:49:03', 3, '2016-12-24 00:49:03'),
	(3, 1, '', '引导人姓名', '', 'Singleline', 'string', 0, b'1', b'1', b'1', NULL, 2, 'ACTIVE', '2016-12-23 17:38:21', 3, '2016-12-23 17:49:03', 3, '2016-12-24 00:49:03'),
	(4, 1, '', '引导人电话', '', 'Singleline', 'string', 0, b'1', b'1', b'1', NULL, 3, 'ACTIVE', '2016-12-23 17:38:22', 3, '2016-12-23 17:49:03', 3, '2016-12-24 00:49:03'),
	(5, 1, '', '管理者姓名', '', 'Singleline', 'string', 0, b'1', b'1', b'1', NULL, 4, 'ACTIVE', '2016-12-23 17:38:22', 3, '2016-12-23 17:49:03', 3, '2016-12-24 00:49:03'),
	(6, 1, '', '管理者电话', '', 'Singleline', 'string', 0, b'1', b'1', b'1', NULL, 5, 'ACTIVE', '2016-12-23 17:38:22', 3, '2016-12-23 17:49:03', 3, '2016-12-24 00:49:03'),
	(7, 1, '', '果子姓名', '', 'Singleline', 'string', 0, b'1', b'1', b'1', NULL, 6, 'ACTIVE', '2016-12-23 17:38:22', 3, '2016-12-23 17:49:03', 3, '2016-12-24 00:49:03'),
	(8, 1, '', '果子电话', '', 'Singleline', 'string', 0, b'1', b'1', b'1', NULL, 7, 'ACTIVE', '2016-12-23 17:38:22', 3, '2016-12-23 17:49:03', 3, '2016-12-24 00:49:03'),
	(9, 1, '', '是否查询并确认果子不是黑名单人员', '', 'Checkbox', 'string', 0, b'1', b'1', b'1', NULL, 8, 'ACTIVE', '2016-12-23 17:38:22', 3, '2016-12-23 17:49:03', 3, '2016-12-24 00:50:15'),
	(10, 1, '', '是否查询并确认果子不是重复收割人员', '', 'Checkbox', 'string', 0, b'1', b'1', b'1', NULL, 9, 'ACTIVE', '2016-12-23 17:38:22', 3, '2016-12-23 17:49:03', 3, '2016-12-24 00:50:20'),
	(11, 1, '', '果子QQ号', '', 'Singleline', 'string', 0, b'1', b'1', b'1', NULL, 10, 'ACTIVE', '2016-12-23 17:38:22', 3, '2016-12-23 17:49:03', 3, '2016-12-24 00:49:03'),
	(12, 1, '', '果子微信号', '', 'Singleline', 'string', 0, b'1', b'1', b'1', NULL, 11, 'ACTIVE', '2016-12-23 17:38:22', 3, '2016-12-23 17:49:03', 3, '2016-12-24 00:49:03'),
	(13, 1, '', '果子部署', '', 'Select', 'string', 0, b'1', b'1', b'1', NULL, 12, 'ACTIVE', '2016-12-23 17:38:23', 3, '2016-12-23 17:49:03', 3, '2016-12-24 00:49:03'),
	(14, 1, '', '涉外类型', '', 'Singleline', 'string', 0, b'1', b'1', b'1', NULL, 13, 'ACTIVE', '2016-12-23 17:38:23', 3, '2016-12-23 17:49:03', 3, '2016-12-24 00:50:44'),
	(15, 1, '', '涉外田地', '', 'Singleline', 'string', 0, b'1', b'1', b'1', NULL, 14, 'ACTIVE', '2016-12-23 17:38:23', 3, '2016-12-23 17:49:03', 3, '2016-12-24 00:50:50'),
	(16, 1, '', '性别', '', 'Select', 'string', 0, b'1', b'1', b'1', NULL, 15, 'ACTIVE', '2016-12-23 17:38:23', 3, '2016-12-23 17:49:03', 3, '2016-12-24 00:49:03'),
	(17, 1, '', '出生日期', '', 'Date', 'string', 0, b'1', b'1', b'1', NULL, 16, 'ACTIVE', '2016-12-23 17:38:23', 3, '2016-12-23 17:49:03', 3, '2016-12-24 00:49:03'),
	(18, 1, '', '不能进行提交', '', 'Radio', 'string', 0, b'1', b'1', b'1', NULL, 17, 'ACTIVE', '2016-12-23 17:38:23', 3, '2016-12-23 17:49:03', 3, '2016-12-24 00:49:03'),
	(19, 1, '', '备注', '', 'Textarea', 'string', 0, b'1', b'1', b'1', NULL, 18, 'ACTIVE', '2016-12-23 17:38:23', 3, '2016-12-23 17:49:03', 3, '2016-12-24 00:49:03'),
	(20, 1, '', '果子阶段情况', '', 'Singleline', 'string', 0, b'1', b'1', b'1', NULL, 19, 'ACTIVE', '2016-12-23 17:38:23', 3, '2016-12-23 17:49:03', 3, '2016-12-24 00:49:03'),
	(21, 1, '', '不做跟进-原因：', '', 'Textarea', 'string', 0, b'1', b'1', b'1', NULL, 20, 'ACTIVE', '2016-12-23 17:38:23', 3, '2016-12-23 17:49:03', 3, '2016-12-24 00:49:03'),
	(22, 2, '', '單行文字', '', 'Singleline', 'string', 0, b'1', b'1', b'1', NULL, 0, 'DELETED', '2016-12-24 11:43:53', 3, '2016-12-24 11:44:52', 3, '2016-12-24 18:44:52'),
	(23, 2, '', '日期', '', 'Date', 'string', 0, b'1', b'1', b'1', NULL, 1, 'DELETED', '2016-12-24 11:43:53', 3, '2016-12-24 11:44:52', 3, '2016-12-24 18:44:52'),
	(24, 3, '', '單行文字', '', 'Singleline', 'string', 0, b'1', b'1', b'1', NULL, 0, 'DELETED', '2016-12-24 12:14:17', 3, '2016-12-24 12:16:11', 3, '2016-12-24 19:16:11'),
	(25, 4, '', '單行文字', '', 'Singleline', 'string', 0, b'1', b'1', b'1', NULL, 0, 'STATUS_DEL', '2016-12-24 14:44:08', 3, '2016-12-24 14:52:36', 3, '2016-12-24 21:52:36'),
	(26, 4, '', '多行文本', '', 'Textarea', 'string', 0, b'1', b'1', b'1', NULL, 0, 'ACTIVE', '2016-12-24 14:48:24', 3, '2016-12-24 14:52:55', 3, '2016-12-24 21:52:55');
/*!40000 ALTER TABLE `form_items` ENABLE KEYS */;

-- Dumping structure for table xtd_form_definition.form_list_items
CREATE TABLE IF NOT EXISTS `form_list_items` (
  `id` int(10) unsigned NOT NULL AUTO_INCREMENT,
  `form_id` int(10) unsigned NOT NULL,
  `form_item_id` int(10) unsigned NOT NULL,
  `display_format` varchar(500) NOT NULL,
  `sequence` int(10) unsigned NOT NULL,
  `sort_columns` text,
  `status` varchar(10) NOT NULL,
  `created_date` datetime NOT NULL,
  `created_by` int(10) unsigned NOT NULL,
  `last_modified_date` datetime NOT NULL,
  `last_modified_by` int(10) unsigned NOT NULL,
  `concurrent_id` timestamp NOT NULL DEFAULT CURRENT_TIMESTAMP ON UPDATE CURRENT_TIMESTAMP,
  PRIMARY KEY (`id`),
  KEY `FK_form_list_item_form` (`form_id`),
  KEY `FK_form_list_item_form_item` (`form_item_id`),
  CONSTRAINT `FK_form_list_item_form` FOREIGN KEY (`form_id`) REFERENCES `forms` (`id`),
  CONSTRAINT `FK_form_list_item_form_item` FOREIGN KEY (`form_item_id`) REFERENCES `form_items` (`id`)
) ENGINE=InnoDB DEFAULT CHARSET=utf8;

-- Dumping data for table xtd_form_definition.form_list_items: ~0 rows (approximately)
/*!40000 ALTER TABLE `form_list_items` DISABLE KEYS */;
/*!40000 ALTER TABLE `form_list_items` ENABLE KEYS */;

-- Dumping structure for table xtd_form_definition.item_properties
CREATE TABLE IF NOT EXISTS `item_properties` (
  `id` int(10) unsigned NOT NULL AUTO_INCREMENT,
  `target_id` int(10) unsigned NOT NULL,
  `target_type` varchar(500) NOT NULL,
  `group` varchar(100) NOT NULL,
  `name` varchar(100) NOT NULL,
  `type` varchar(50) NOT NULL,
  `rule` text NOT NULL,
  `value` text NOT NULL,
  `sequence` int(10) unsigned NOT NULL,
  `status` varchar(10) NOT NULL,
  `created_date` datetime NOT NULL,
  `created_by` int(10) unsigned NOT NULL,
  `last_modified_date` datetime NOT NULL,
  `last_modified_by` int(10) unsigned NOT NULL,
  `concurrent_id` timestamp NOT NULL DEFAULT CURRENT_TIMESTAMP ON UPDATE CURRENT_TIMESTAMP,
  PRIMARY KEY (`id`),
  KEY `IDX_item_properties_target_id` (`target_id`),
  KEY `IDX_item_properties_target_type` (`target_type`(255)),
  KEY `IDX_item_properties_target` (`target_id`,`target_type`(255))
) ENGINE=InnoDB AUTO_INCREMENT=726 DEFAULT CHARSET=utf8;

-- Dumping data for table xtd_form_definition.item_properties: ~725 rows (approximately)
/*!40000 ALTER TABLE `item_properties` DISABLE KEYS */;
REPLACE INTO `item_properties` (`id`, `target_id`, `target_type`, `group`, `name`, `type`, `rule`, `value`, `sequence`, `status`, `created_date`, `created_by`, `last_modified_date`, `last_modified_by`, `concurrent_id`) VALUES
	(1, 1, 'App\\Models\\Forms', 'common', 'display', 'TextBox', '', '21項', 0, 'ACTIVE', '2016-12-23 17:38:21', 3, '2016-12-23 17:38:21', 3, '2016-12-24 00:38:21'),
	(2, 1, 'App\\Models\\Forms', 'common', 'description', 'TextBox', '', '', 0, 'ACTIVE', '2016-12-23 17:38:21', 3, '2016-12-23 17:38:21', 3, '2016-12-24 00:38:21'),
	(3, 1, 'App\\Models\\Forms', 'common', 'default_value', 'TextBox', '', '', 0, 'ACTIVE', '2016-12-23 17:38:21', 3, '2016-12-23 17:38:21', 3, '2016-12-24 00:38:21'),
	(4, 1, 'App\\Models\\Forms', 'common', 'is_searchable', 'CheckBox', '', '', 0, 'ACTIVE', '2016-12-23 17:38:21', 3, '2016-12-23 17:38:21', 3, '2016-12-24 00:38:21'),
	(5, 1, 'App\\Models\\Forms', 'common', 'is_show_in_list', 'CheckBox', '', '', 0, 'ACTIVE', '2016-12-23 17:38:21', 3, '2016-12-23 17:38:21', 3, '2016-12-24 00:38:21'),
	(6, 1, 'App\\Models\\Forms', 'common', 'is_show_in_mobile_list', 'CheckBox', '', '', 0, 'ACTIVE', '2016-12-23 17:38:21', 3, '2016-12-23 17:38:21', 3, '2016-12-24 00:38:21'),
	(7, 1, 'App\\Models\\Forms', 'common', 'sort_sequence', 'TextBox', '', '', 0, 'ACTIVE', '2016-12-23 17:38:21', 3, '2016-12-23 17:38:21', 3, '2016-12-24 00:38:21'),
	(8, 1, 'App\\Models\\Forms', 'common', 'placeholder', 'TextBox', '', '', 0, 'ACTIVE', '2016-12-23 17:38:21', 3, '2016-12-23 17:38:21', 3, '2016-12-24 00:38:21'),
	(9, 1, 'App\\Models\\Forms', 'common', 'tooltips', 'TextBox', '', '', 0, 'ACTIVE', '2016-12-23 17:38:21', 3, '2016-12-23 17:38:21', 3, '2016-12-24 00:38:21'),
	(10, 1, 'App\\Models\\Forms', 'layout', 'width', 'TextBox', '', '100px', 0, 'ACTIVE', '2016-12-23 17:38:21', 3, '2016-12-23 17:38:21', 3, '2016-12-24 00:38:21'),
	(11, 1, 'App\\Models\\Forms', 'layout', 'height', 'TextBox', '', '23px', 0, 'ACTIVE', '2016-12-23 17:38:21', 3, '2016-12-23 17:38:21', 3, '2016-12-24 00:38:21'),
	(12, 1, 'App\\Models\\Forms', 'layout', 'horizontalAlignment', 'TextBox', '', 'left', 0, 'ACTIVE', '2016-12-23 17:38:21', 3, '2016-12-23 17:38:21', 3, '2016-12-24 00:38:21'),
	(13, 1, 'App\\Models\\Forms', 'layout', 'verticalAlignment', 'TextBox', '', 'top', 0, 'ACTIVE', '2016-12-23 17:38:21', 3, '2016-12-23 17:38:21', 3, '2016-12-24 00:38:21'),
	(14, 1, 'App\\Models\\Forms', 'layout', 'marginTop', 'TextBox', '', '0px', 0, 'ACTIVE', '2016-12-23 17:38:21', 3, '2016-12-23 17:38:21', 3, '2016-12-24 00:38:21'),
	(15, 1, 'App\\Models\\Forms', 'layout', 'marginRight', 'TextBox', '', '0px', 0, 'ACTIVE', '2016-12-23 17:38:21', 3, '2016-12-23 17:38:21', 3, '2016-12-24 00:38:21'),
	(16, 1, 'App\\Models\\Forms', 'layout', 'marginBottom', 'TextBox', '', '0px', 0, 'ACTIVE', '2016-12-23 17:38:21', 3, '2016-12-23 17:38:21', 3, '2016-12-24 00:38:21'),
	(17, 1, 'App\\Models\\Forms', 'layout', 'marginLeft', 'TextBox', '', '0px', 0, 'ACTIVE', '2016-12-23 17:38:21', 3, '2016-12-23 17:38:21', 3, '2016-12-24 00:38:21'),
	(18, 1, 'App\\Models\\Forms', 'brush', 'backgroundColor', 'TextBox', '', '', 0, 'ACTIVE', '2016-12-23 17:38:21', 3, '2016-12-23 17:38:21', 3, '2016-12-24 00:38:21'),
	(19, 1, 'App\\Models\\Forms', 'brush', 'backgroundImage', 'TextBox', '', '', 0, 'ACTIVE', '2016-12-23 17:38:21', 3, '2016-12-23 17:38:21', 3, '2016-12-24 00:38:21'),
	(20, 1, 'App\\Models\\Forms', 'brush', 'foregroundColor', 'TextBox', '', '#000000', 0, 'ACTIVE', '2016-12-23 17:38:21', 3, '2016-12-23 17:38:21', 3, '2016-12-24 00:38:21'),
	(21, 1, 'App\\Models\\Forms', 'text', 'size', 'TextBox', '', 'inherit', 0, 'ACTIVE', '2016-12-23 17:38:21', 3, '2016-12-23 17:38:21', 3, '2016-12-24 00:38:21'),
	(22, 1, 'App\\Models\\Forms', 'text', 'weight', 'TextBox', '', 'inherit', 0, 'ACTIVE', '2016-12-23 17:38:21', 3, '2016-12-23 17:38:21', 3, '2016-12-24 00:38:21'),
	(23, 1, 'App\\Models\\Forms', 'text', 'textDecoration', 'TextBox', '', 'inherit', 0, 'ACTIVE', '2016-12-23 17:38:21', 3, '2016-12-23 17:38:21', 3, '2016-12-24 00:38:21'),
	(24, 1, 'App\\Models\\Forms', 'text', 'style', 'TextBox', '', 'inherit', 0, 'ACTIVE', '2016-12-23 17:38:21', 3, '2016-12-23 17:38:21', 3, '2016-12-24 00:38:21'),
	(25, 1, 'App\\Models\\FormItems', 'common', 'display', 'TextBox', '', '涉外时间', 0, 'ACTIVE', '2016-12-23 17:38:21', 3, '2016-12-23 17:38:21', 3, '2016-12-24 00:38:21'),
	(26, 1, 'App\\Models\\FormItems', 'common', 'description', 'TextBox', '', '', 0, 'ACTIVE', '2016-12-23 17:38:21', 3, '2016-12-23 17:38:21', 3, '2016-12-24 00:38:21'),
	(27, 1, 'App\\Models\\FormItems', 'common', 'default_value', 'TextBox', '', '', 0, 'ACTIVE', '2016-12-23 17:38:21', 3, '2016-12-23 17:38:21', 3, '2016-12-24 00:38:21'),
	(28, 1, 'App\\Models\\FormItems', 'common', 'is_searchable', 'CheckBox', '', '', 0, 'ACTIVE', '2016-12-23 17:38:21', 3, '2016-12-23 17:38:21', 3, '2016-12-24 00:38:21'),
	(29, 1, 'App\\Models\\FormItems', 'common', 'is_show_in_list', 'CheckBox', '', '', 0, 'ACTIVE', '2016-12-23 17:38:21', 3, '2016-12-23 17:38:21', 3, '2016-12-24 00:38:21'),
	(30, 1, 'App\\Models\\FormItems', 'common', 'is_show_in_mobile_list', 'CheckBox', '', '', 0, 'ACTIVE', '2016-12-23 17:38:21', 3, '2016-12-23 17:38:21', 3, '2016-12-24 00:38:21'),
	(31, 1, 'App\\Models\\FormItems', 'common', 'sort_sequence', 'TextBox', '', '', 0, 'ACTIVE', '2016-12-23 17:38:21', 3, '2016-12-23 17:38:21', 3, '2016-12-24 00:38:21'),
	(32, 1, 'App\\Models\\FormItems', 'common', 'placeholder', 'TextBox', '', '', 0, 'ACTIVE', '2016-12-23 17:38:21', 3, '2016-12-23 17:38:21', 3, '2016-12-24 00:38:21'),
	(33, 1, 'App\\Models\\FormItems', 'common', 'tooltips', 'TextBox', '', '', 0, 'ACTIVE', '2016-12-23 17:38:21', 3, '2016-12-23 17:38:21', 3, '2016-12-24 00:38:21'),
	(34, 1, 'App\\Models\\FormItems', 'layout', 'width', 'TextBox', '', '', 0, 'ACTIVE', '2016-12-23 17:38:21', 3, '2016-12-23 17:38:21', 3, '2016-12-24 00:38:21'),
	(35, 1, 'App\\Models\\FormItems', 'layout', 'height', 'TextBox', '', '', 0, 'ACTIVE', '2016-12-23 17:38:21', 3, '2016-12-23 17:38:21', 3, '2016-12-24 00:38:21'),
	(36, 1, 'App\\Models\\FormItems', 'layout', 'horizontalAlignment', 'TextBox', '', 'left', 0, 'ACTIVE', '2016-12-23 17:38:21', 3, '2016-12-23 17:38:21', 3, '2016-12-24 00:38:21'),
	(37, 1, 'App\\Models\\FormItems', 'layout', 'verticalAlignment', 'TextBox', '', 'top', 0, 'ACTIVE', '2016-12-23 17:38:21', 3, '2016-12-23 17:38:21', 3, '2016-12-24 00:38:21'),
	(38, 1, 'App\\Models\\FormItems', 'layout', 'marginTop', 'TextBox', '', '0px', 0, 'ACTIVE', '2016-12-23 17:38:21', 3, '2016-12-23 17:38:21', 3, '2016-12-24 00:38:21'),
	(39, 1, 'App\\Models\\FormItems', 'layout', 'marginRight', 'TextBox', '', '0px', 0, 'ACTIVE', '2016-12-23 17:38:21', 3, '2016-12-23 17:38:21', 3, '2016-12-24 00:38:21'),
	(40, 1, 'App\\Models\\FormItems', 'layout', 'marginBottom', 'TextBox', '', '0px', 0, 'ACTIVE', '2016-12-23 17:38:21', 3, '2016-12-23 17:38:21', 3, '2016-12-24 00:38:21'),
	(41, 1, 'App\\Models\\FormItems', 'layout', 'marginLeft', 'TextBox', '', '0px', 0, 'ACTIVE', '2016-12-23 17:38:21', 3, '2016-12-23 17:38:21', 3, '2016-12-24 00:38:21'),
	(42, 1, 'App\\Models\\FormItems', 'brush', 'backgroundColor', 'TextBox', '', '', 0, 'ACTIVE', '2016-12-23 17:38:21', 3, '2016-12-23 17:38:21', 3, '2016-12-24 00:38:21'),
	(43, 1, 'App\\Models\\FormItems', 'brush', 'backgroundImage', 'TextBox', '', '', 0, 'ACTIVE', '2016-12-23 17:38:21', 3, '2016-12-23 17:38:21', 3, '2016-12-24 00:38:21'),
	(44, 1, 'App\\Models\\FormItems', 'brush', 'foregroundColor', 'TextBox', '', '#000000', 0, 'ACTIVE', '2016-12-23 17:38:21', 3, '2016-12-23 17:38:21', 3, '2016-12-24 00:38:21'),
	(45, 1, 'App\\Models\\FormItems', 'text', 'size', 'TextBox', '', 'inherit', 0, 'ACTIVE', '2016-12-23 17:38:21', 3, '2016-12-23 17:38:21', 3, '2016-12-24 00:38:21'),
	(46, 1, 'App\\Models\\FormItems', 'text', 'weight', 'TextBox', '', 'inherit', 0, 'ACTIVE', '2016-12-23 17:38:21', 3, '2016-12-23 17:38:21', 3, '2016-12-24 00:38:21'),
	(47, 1, 'App\\Models\\FormItems', 'text', 'textDecoration', 'TextBox', '', 'inherit', 0, 'ACTIVE', '2016-12-23 17:38:21', 3, '2016-12-23 17:38:21', 3, '2016-12-24 00:38:21'),
	(48, 1, 'App\\Models\\FormItems', 'text', 'style', 'TextBox', '', 'inherit', 0, 'ACTIVE', '2016-12-23 17:38:21', 3, '2016-12-23 17:38:21', 3, '2016-12-24 00:38:21'),
	(49, 2, 'App\\Models\\FormItems', 'common', 'display', 'TextBox', '', '区域', 0, 'ACTIVE', '2016-12-23 17:38:21', 3, '2016-12-23 17:38:21', 3, '2016-12-24 00:38:21'),
	(50, 2, 'App\\Models\\FormItems', 'common', 'description', 'TextBox', '', '', 0, 'ACTIVE', '2016-12-23 17:38:21', 3, '2016-12-23 17:38:21', 3, '2016-12-24 00:38:21'),
	(51, 2, 'App\\Models\\FormItems', 'common', 'default_value', 'TextBox', '', '', 0, 'ACTIVE', '2016-12-23 17:38:21', 3, '2016-12-23 17:38:21', 3, '2016-12-24 00:38:21'),
	(52, 2, 'App\\Models\\FormItems', 'common', 'is_searchable', 'CheckBox', '', '', 0, 'ACTIVE', '2016-12-23 17:38:21', 3, '2016-12-23 17:38:21', 3, '2016-12-24 00:38:21'),
	(53, 2, 'App\\Models\\FormItems', 'common', 'is_show_in_list', 'CheckBox', '', '', 0, 'ACTIVE', '2016-12-23 17:38:21', 3, '2016-12-23 17:38:21', 3, '2016-12-24 00:38:21'),
	(54, 2, 'App\\Models\\FormItems', 'common', 'is_show_in_mobile_list', 'CheckBox', '', '', 0, 'ACTIVE', '2016-12-23 17:38:21', 3, '2016-12-23 17:38:21', 3, '2016-12-24 00:38:21'),
	(55, 2, 'App\\Models\\FormItems', 'common', 'sort_sequence', 'TextBox', '', '', 0, 'ACTIVE', '2016-12-23 17:38:21', 3, '2016-12-23 17:38:21', 3, '2016-12-24 00:38:21'),
	(56, 2, 'App\\Models\\FormItems', 'common', 'placeholder', 'TextBox', '', '', 0, 'ACTIVE', '2016-12-23 17:38:21', 3, '2016-12-23 17:38:21', 3, '2016-12-24 00:38:21'),
	(57, 2, 'App\\Models\\FormItems', 'common', 'tooltips', 'TextBox', '', '', 0, 'ACTIVE', '2016-12-23 17:38:21', 3, '2016-12-23 17:38:21', 3, '2016-12-24 00:38:21'),
	(58, 2, 'App\\Models\\FormItems', 'common', 'option', 'Textarea', '', 'TSG\nTZD\n壮年1\n壮年2\n壮年3\n妇女1\n妇女10\n妇女2\n妇女3\n妇女4\n妇女5\n妇女6\n妇女7\n妇女8\n妇女9\n青年1\n青年10\n青年2\n青年3\n青年4\n青年5\n青年6\n青年7\n青年8\n青年9\n重镇区域\n苏州地区\n教役者1\n教役者2\n教役者3\n教役者4\n教役者5\n教役者6\n教役者7\n教役者8\n教役者9\n朝族1\n朝族2\n朝族3\n黑名单', 0, 'ACTIVE', '2016-12-23 17:38:21', 3, '2016-12-23 17:49:03', 3, '2016-12-24 00:49:03'),
	(59, 2, 'App\\Models\\FormItems', 'layout', 'width', 'TextBox', '', '', 0, 'ACTIVE', '2016-12-23 17:38:21', 3, '2016-12-23 17:49:03', 3, '2016-12-24 00:49:03'),
	(60, 2, 'App\\Models\\FormItems', 'layout', 'height', 'TextBox', '', '', 0, 'ACTIVE', '2016-12-23 17:38:21', 3, '2016-12-23 17:38:21', 3, '2016-12-24 00:38:21'),
	(61, 2, 'App\\Models\\FormItems', 'layout', 'horizontalAlignment', 'TextBox', '', 'left', 0, 'ACTIVE', '2016-12-23 17:38:21', 3, '2016-12-23 17:38:21', 3, '2016-12-24 00:38:21'),
	(62, 2, 'App\\Models\\FormItems', 'layout', 'verticalAlignment', 'TextBox', '', 'top', 0, 'ACTIVE', '2016-12-23 17:38:21', 3, '2016-12-23 17:38:21', 3, '2016-12-24 00:38:21'),
	(63, 2, 'App\\Models\\FormItems', 'layout', 'marginTop', 'TextBox', '', '0px', 0, 'ACTIVE', '2016-12-23 17:38:21', 3, '2016-12-23 17:38:21', 3, '2016-12-24 00:38:21'),
	(64, 2, 'App\\Models\\FormItems', 'layout', 'marginRight', 'TextBox', '', '0px', 0, 'ACTIVE', '2016-12-23 17:38:21', 3, '2016-12-23 17:38:21', 3, '2016-12-24 00:38:21'),
	(65, 2, 'App\\Models\\FormItems', 'layout', 'marginBottom', 'TextBox', '', '0px', 0, 'ACTIVE', '2016-12-23 17:38:21', 3, '2016-12-23 17:38:21', 3, '2016-12-24 00:38:21'),
	(66, 2, 'App\\Models\\FormItems', 'layout', 'marginLeft', 'TextBox', '', '0px', 0, 'ACTIVE', '2016-12-23 17:38:21', 3, '2016-12-23 17:38:21', 3, '2016-12-24 00:38:21'),
	(67, 2, 'App\\Models\\FormItems', 'brush', 'backgroundColor', 'TextBox', '', '', 0, 'ACTIVE', '2016-12-23 17:38:21', 3, '2016-12-23 17:38:21', 3, '2016-12-24 00:38:21'),
	(68, 2, 'App\\Models\\FormItems', 'brush', 'backgroundImage', 'TextBox', '', '', 0, 'ACTIVE', '2016-12-23 17:38:21', 3, '2016-12-23 17:38:21', 3, '2016-12-24 00:38:21'),
	(69, 2, 'App\\Models\\FormItems', 'brush', 'foregroundColor', 'TextBox', '', '#000000', 0, 'ACTIVE', '2016-12-23 17:38:21', 3, '2016-12-23 17:38:21', 3, '2016-12-24 00:38:21'),
	(70, 2, 'App\\Models\\FormItems', 'text', 'size', 'TextBox', '', 'inherit', 0, 'ACTIVE', '2016-12-23 17:38:21', 3, '2016-12-23 17:38:21', 3, '2016-12-24 00:38:21'),
	(71, 2, 'App\\Models\\FormItems', 'text', 'weight', 'TextBox', '', 'inherit', 0, 'ACTIVE', '2016-12-23 17:38:21', 3, '2016-12-23 17:38:21', 3, '2016-12-24 00:38:21'),
	(72, 2, 'App\\Models\\FormItems', 'text', 'textDecoration', 'TextBox', '', 'inherit', 0, 'ACTIVE', '2016-12-23 17:38:21', 3, '2016-12-23 17:38:21', 3, '2016-12-24 00:38:21'),
	(73, 2, 'App\\Models\\FormItems', 'text', 'style', 'TextBox', '', 'inherit', 0, 'ACTIVE', '2016-12-23 17:38:21', 3, '2016-12-23 17:38:21', 3, '2016-12-24 00:38:21'),
	(74, 3, 'App\\Models\\FormItems', 'common', 'display', 'TextBox', '', '引导人姓名', 0, 'ACTIVE', '2016-12-23 17:38:21', 3, '2016-12-23 17:38:21', 3, '2016-12-24 00:38:21'),
	(75, 3, 'App\\Models\\FormItems', 'common', 'description', 'TextBox', '', '', 0, 'ACTIVE', '2016-12-23 17:38:21', 3, '2016-12-23 17:38:21', 3, '2016-12-24 00:38:21'),
	(76, 3, 'App\\Models\\FormItems', 'common', 'default_value', 'TextBox', '', 'me.display_name', 0, 'ACTIVE', '2016-12-23 17:38:21', 3, '2016-12-23 17:49:03', 3, '2016-12-24 00:49:03'),
	(77, 3, 'App\\Models\\FormItems', 'common', 'is_searchable', 'CheckBox', '', '', 0, 'ACTIVE', '2016-12-23 17:38:21', 3, '2016-12-23 17:38:21', 3, '2016-12-24 00:38:21'),
	(78, 3, 'App\\Models\\FormItems', 'common', 'is_show_in_list', 'CheckBox', '', '', 0, 'ACTIVE', '2016-12-23 17:38:21', 3, '2016-12-23 17:38:21', 3, '2016-12-24 00:38:21'),
	(79, 3, 'App\\Models\\FormItems', 'common', 'is_show_in_mobile_list', 'CheckBox', '', '', 0, 'ACTIVE', '2016-12-23 17:38:21', 3, '2016-12-23 17:38:21', 3, '2016-12-24 00:38:21'),
	(80, 3, 'App\\Models\\FormItems', 'common', 'sort_sequence', 'TextBox', '', '', 0, 'ACTIVE', '2016-12-23 17:38:21', 3, '2016-12-23 17:38:21', 3, '2016-12-24 00:38:21'),
	(81, 3, 'App\\Models\\FormItems', 'common', 'placeholder', 'TextBox', '', '', 0, 'ACTIVE', '2016-12-23 17:38:21', 3, '2016-12-23 17:38:21', 3, '2016-12-24 00:38:21'),
	(82, 3, 'App\\Models\\FormItems', 'common', 'tooltips', 'TextBox', '', '', 0, 'ACTIVE', '2016-12-23 17:38:21', 3, '2016-12-23 17:38:21', 3, '2016-12-24 00:38:21'),
	(83, 3, 'App\\Models\\FormItems', 'layout', 'width', 'TextBox', '', '', 0, 'ACTIVE', '2016-12-23 17:38:21', 3, '2016-12-23 17:38:21', 3, '2016-12-24 00:38:21'),
	(84, 3, 'App\\Models\\FormItems', 'layout', 'height', 'TextBox', '', '', 0, 'ACTIVE', '2016-12-23 17:38:21', 3, '2016-12-23 17:38:21', 3, '2016-12-24 00:38:21'),
	(85, 3, 'App\\Models\\FormItems', 'layout', 'horizontalAlignment', 'TextBox', '', 'left', 0, 'ACTIVE', '2016-12-23 17:38:21', 3, '2016-12-23 17:38:21', 3, '2016-12-24 00:38:21'),
	(86, 3, 'App\\Models\\FormItems', 'layout', 'verticalAlignment', 'TextBox', '', 'top', 0, 'ACTIVE', '2016-12-23 17:38:22', 3, '2016-12-23 17:38:22', 3, '2016-12-24 00:38:22'),
	(87, 3, 'App\\Models\\FormItems', 'layout', 'marginTop', 'TextBox', '', '0px', 0, 'ACTIVE', '2016-12-23 17:38:22', 3, '2016-12-23 17:38:22', 3, '2016-12-24 00:38:22'),
	(88, 3, 'App\\Models\\FormItems', 'layout', 'marginRight', 'TextBox', '', '0px', 0, 'ACTIVE', '2016-12-23 17:38:22', 3, '2016-12-23 17:38:22', 3, '2016-12-24 00:38:22'),
	(89, 3, 'App\\Models\\FormItems', 'layout', 'marginBottom', 'TextBox', '', '0px', 0, 'ACTIVE', '2016-12-23 17:38:22', 3, '2016-12-23 17:38:22', 3, '2016-12-24 00:38:22'),
	(90, 3, 'App\\Models\\FormItems', 'layout', 'marginLeft', 'TextBox', '', '0px', 0, 'ACTIVE', '2016-12-23 17:38:22', 3, '2016-12-23 17:38:22', 3, '2016-12-24 00:38:22'),
	(91, 3, 'App\\Models\\FormItems', 'brush', 'backgroundColor', 'TextBox', '', '', 0, 'ACTIVE', '2016-12-23 17:38:22', 3, '2016-12-23 17:38:22', 3, '2016-12-24 00:38:22'),
	(92, 3, 'App\\Models\\FormItems', 'brush', 'backgroundImage', 'TextBox', '', '', 0, 'ACTIVE', '2016-12-23 17:38:22', 3, '2016-12-23 17:38:22', 3, '2016-12-24 00:38:22'),
	(93, 3, 'App\\Models\\FormItems', 'brush', 'foregroundColor', 'TextBox', '', '#000000', 0, 'ACTIVE', '2016-12-23 17:38:22', 3, '2016-12-23 17:38:22', 3, '2016-12-24 00:38:22'),
	(94, 3, 'App\\Models\\FormItems', 'text', 'size', 'TextBox', '', 'inherit', 0, 'ACTIVE', '2016-12-23 17:38:22', 3, '2016-12-23 17:38:22', 3, '2016-12-24 00:38:22'),
	(95, 3, 'App\\Models\\FormItems', 'text', 'weight', 'TextBox', '', 'inherit', 0, 'ACTIVE', '2016-12-23 17:38:22', 3, '2016-12-23 17:38:22', 3, '2016-12-24 00:38:22'),
	(96, 3, 'App\\Models\\FormItems', 'text', 'textDecoration', 'TextBox', '', 'inherit', 0, 'ACTIVE', '2016-12-23 17:38:22', 3, '2016-12-23 17:38:22', 3, '2016-12-24 00:38:22'),
	(97, 3, 'App\\Models\\FormItems', 'text', 'style', 'TextBox', '', 'inherit', 0, 'ACTIVE', '2016-12-23 17:38:22', 3, '2016-12-23 17:38:22', 3, '2016-12-24 00:38:22'),
	(98, 4, 'App\\Models\\FormItems', 'common', 'display', 'TextBox', '', '引导人电话', 0, 'ACTIVE', '2016-12-23 17:38:22', 3, '2016-12-23 17:38:22', 3, '2016-12-24 00:38:22'),
	(99, 4, 'App\\Models\\FormItems', 'common', 'description', 'TextBox', '', '', 0, 'ACTIVE', '2016-12-23 17:38:22', 3, '2016-12-23 17:38:22', 3, '2016-12-24 00:38:22'),
	(100, 4, 'App\\Models\\FormItems', 'common', 'default_value', 'TextBox', '', 'me.phone', 0, 'ACTIVE', '2016-12-23 17:38:22', 3, '2016-12-23 17:49:03', 3, '2016-12-24 00:49:03'),
	(101, 4, 'App\\Models\\FormItems', 'common', 'is_searchable', 'CheckBox', '', '', 0, 'ACTIVE', '2016-12-23 17:38:22', 3, '2016-12-23 17:38:22', 3, '2016-12-24 00:38:22'),
	(102, 4, 'App\\Models\\FormItems', 'common', 'is_show_in_list', 'CheckBox', '', '', 0, 'ACTIVE', '2016-12-23 17:38:22', 3, '2016-12-23 17:38:22', 3, '2016-12-24 00:38:22'),
	(103, 4, 'App\\Models\\FormItems', 'common', 'is_show_in_mobile_list', 'CheckBox', '', '', 0, 'ACTIVE', '2016-12-23 17:38:22', 3, '2016-12-23 17:38:22', 3, '2016-12-24 00:38:22'),
	(104, 4, 'App\\Models\\FormItems', 'common', 'sort_sequence', 'TextBox', '', '', 0, 'ACTIVE', '2016-12-23 17:38:22', 3, '2016-12-23 17:38:22', 3, '2016-12-24 00:38:22'),
	(105, 4, 'App\\Models\\FormItems', 'common', 'placeholder', 'TextBox', '', '', 0, 'ACTIVE', '2016-12-23 17:38:22', 3, '2016-12-23 17:38:22', 3, '2016-12-24 00:38:22'),
	(106, 4, 'App\\Models\\FormItems', 'common', 'tooltips', 'TextBox', '', '', 0, 'ACTIVE', '2016-12-23 17:38:22', 3, '2016-12-23 17:38:22', 3, '2016-12-24 00:38:22'),
	(107, 4, 'App\\Models\\FormItems', 'layout', 'width', 'TextBox', '', '', 0, 'ACTIVE', '2016-12-23 17:38:22', 3, '2016-12-23 17:38:22', 3, '2016-12-24 00:38:22'),
	(108, 4, 'App\\Models\\FormItems', 'layout', 'height', 'TextBox', '', '', 0, 'ACTIVE', '2016-12-23 17:38:22', 3, '2016-12-23 17:38:22', 3, '2016-12-24 00:38:22'),
	(109, 4, 'App\\Models\\FormItems', 'layout', 'horizontalAlignment', 'TextBox', '', 'left', 0, 'ACTIVE', '2016-12-23 17:38:22', 3, '2016-12-23 17:38:22', 3, '2016-12-24 00:38:22'),
	(110, 4, 'App\\Models\\FormItems', 'layout', 'verticalAlignment', 'TextBox', '', 'top', 0, 'ACTIVE', '2016-12-23 17:38:22', 3, '2016-12-23 17:38:22', 3, '2016-12-24 00:38:22'),
	(111, 4, 'App\\Models\\FormItems', 'layout', 'marginTop', 'TextBox', '', '0px', 0, 'ACTIVE', '2016-12-23 17:38:22', 3, '2016-12-23 17:38:22', 3, '2016-12-24 00:38:22'),
	(112, 4, 'App\\Models\\FormItems', 'layout', 'marginRight', 'TextBox', '', '0px', 0, 'ACTIVE', '2016-12-23 17:38:22', 3, '2016-12-23 17:38:22', 3, '2016-12-24 00:38:22'),
	(113, 4, 'App\\Models\\FormItems', 'layout', 'marginBottom', 'TextBox', '', '0px', 0, 'ACTIVE', '2016-12-23 17:38:22', 3, '2016-12-23 17:38:22', 3, '2016-12-24 00:38:22'),
	(114, 4, 'App\\Models\\FormItems', 'layout', 'marginLeft', 'TextBox', '', '0px', 0, 'ACTIVE', '2016-12-23 17:38:22', 3, '2016-12-23 17:38:22', 3, '2016-12-24 00:38:22'),
	(115, 4, 'App\\Models\\FormItems', 'brush', 'backgroundColor', 'TextBox', '', '', 0, 'ACTIVE', '2016-12-23 17:38:22', 3, '2016-12-23 17:38:22', 3, '2016-12-24 00:38:22'),
	(116, 4, 'App\\Models\\FormItems', 'brush', 'backgroundImage', 'TextBox', '', '', 0, 'ACTIVE', '2016-12-23 17:38:22', 3, '2016-12-23 17:38:22', 3, '2016-12-24 00:38:22'),
	(117, 4, 'App\\Models\\FormItems', 'brush', 'foregroundColor', 'TextBox', '', '#000000', 0, 'ACTIVE', '2016-12-23 17:38:22', 3, '2016-12-23 17:38:22', 3, '2016-12-24 00:38:22'),
	(118, 4, 'App\\Models\\FormItems', 'text', 'size', 'TextBox', '', 'inherit', 0, 'ACTIVE', '2016-12-23 17:38:22', 3, '2016-12-23 17:38:22', 3, '2016-12-24 00:38:22'),
	(119, 4, 'App\\Models\\FormItems', 'text', 'weight', 'TextBox', '', 'inherit', 0, 'ACTIVE', '2016-12-23 17:38:22', 3, '2016-12-23 17:38:22', 3, '2016-12-24 00:38:22'),
	(120, 4, 'App\\Models\\FormItems', 'text', 'textDecoration', 'TextBox', '', 'inherit', 0, 'ACTIVE', '2016-12-23 17:38:22', 3, '2016-12-23 17:38:22', 3, '2016-12-24 00:38:22'),
	(121, 4, 'App\\Models\\FormItems', 'text', 'style', 'TextBox', '', 'inherit', 0, 'ACTIVE', '2016-12-23 17:38:22', 3, '2016-12-23 17:38:22', 3, '2016-12-24 00:38:22'),
	(122, 5, 'App\\Models\\FormItems', 'common', 'display', 'TextBox', '', '管理者姓名', 0, 'ACTIVE', '2016-12-23 17:38:22', 3, '2016-12-23 17:38:22', 3, '2016-12-24 00:38:22'),
	(123, 5, 'App\\Models\\FormItems', 'common', 'description', 'TextBox', '', '', 0, 'ACTIVE', '2016-12-23 17:38:22', 3, '2016-12-23 17:38:22', 3, '2016-12-24 00:38:22'),
	(124, 5, 'App\\Models\\FormItems', 'common', 'default_value', 'TextBox', '', '', 0, 'ACTIVE', '2016-12-23 17:38:22', 3, '2016-12-23 17:38:22', 3, '2016-12-24 00:38:22'),
	(125, 5, 'App\\Models\\FormItems', 'common', 'is_searchable', 'CheckBox', '', '', 0, 'ACTIVE', '2016-12-23 17:38:22', 3, '2016-12-23 17:38:22', 3, '2016-12-24 00:38:22'),
	(126, 5, 'App\\Models\\FormItems', 'common', 'is_show_in_list', 'CheckBox', '', '', 0, 'ACTIVE', '2016-12-23 17:38:22', 3, '2016-12-23 17:38:22', 3, '2016-12-24 00:38:22'),
	(127, 5, 'App\\Models\\FormItems', 'common', 'is_show_in_mobile_list', 'CheckBox', '', '', 0, 'ACTIVE', '2016-12-23 17:38:22', 3, '2016-12-23 17:38:22', 3, '2016-12-24 00:38:22'),
	(128, 5, 'App\\Models\\FormItems', 'common', 'sort_sequence', 'TextBox', '', '', 0, 'ACTIVE', '2016-12-23 17:38:22', 3, '2016-12-23 17:38:22', 3, '2016-12-24 00:38:22'),
	(129, 5, 'App\\Models\\FormItems', 'common', 'placeholder', 'TextBox', '', '', 0, 'ACTIVE', '2016-12-23 17:38:22', 3, '2016-12-23 17:38:22', 3, '2016-12-24 00:38:22'),
	(130, 5, 'App\\Models\\FormItems', 'common', 'tooltips', 'TextBox', '', '', 0, 'ACTIVE', '2016-12-23 17:38:22', 3, '2016-12-23 17:38:22', 3, '2016-12-24 00:38:22'),
	(131, 5, 'App\\Models\\FormItems', 'layout', 'width', 'TextBox', '', '', 0, 'ACTIVE', '2016-12-23 17:38:22', 3, '2016-12-23 17:38:22', 3, '2016-12-24 00:38:22'),
	(132, 5, 'App\\Models\\FormItems', 'layout', 'height', 'TextBox', '', '', 0, 'ACTIVE', '2016-12-23 17:38:22', 3, '2016-12-23 17:38:22', 3, '2016-12-24 00:38:22'),
	(133, 5, 'App\\Models\\FormItems', 'layout', 'horizontalAlignment', 'TextBox', '', 'left', 0, 'ACTIVE', '2016-12-23 17:38:22', 3, '2016-12-23 17:38:22', 3, '2016-12-24 00:38:22'),
	(134, 5, 'App\\Models\\FormItems', 'layout', 'verticalAlignment', 'TextBox', '', 'top', 0, 'ACTIVE', '2016-12-23 17:38:22', 3, '2016-12-23 17:38:22', 3, '2016-12-24 00:38:22'),
	(135, 5, 'App\\Models\\FormItems', 'layout', 'marginTop', 'TextBox', '', '0px', 0, 'ACTIVE', '2016-12-23 17:38:22', 3, '2016-12-23 17:38:22', 3, '2016-12-24 00:38:22'),
	(136, 5, 'App\\Models\\FormItems', 'layout', 'marginRight', 'TextBox', '', '0px', 0, 'ACTIVE', '2016-12-23 17:38:22', 3, '2016-12-23 17:38:22', 3, '2016-12-24 00:38:22'),
	(137, 5, 'App\\Models\\FormItems', 'layout', 'marginBottom', 'TextBox', '', '0px', 0, 'ACTIVE', '2016-12-23 17:38:22', 3, '2016-12-23 17:38:22', 3, '2016-12-24 00:38:22'),
	(138, 5, 'App\\Models\\FormItems', 'layout', 'marginLeft', 'TextBox', '', '0px', 0, 'ACTIVE', '2016-12-23 17:38:22', 3, '2016-12-23 17:38:22', 3, '2016-12-24 00:38:22'),
	(139, 5, 'App\\Models\\FormItems', 'brush', 'backgroundColor', 'TextBox', '', '', 0, 'ACTIVE', '2016-12-23 17:38:22', 3, '2016-12-23 17:38:22', 3, '2016-12-24 00:38:22'),
	(140, 5, 'App\\Models\\FormItems', 'brush', 'backgroundImage', 'TextBox', '', '', 0, 'ACTIVE', '2016-12-23 17:38:22', 3, '2016-12-23 17:38:22', 3, '2016-12-24 00:38:22'),
	(141, 5, 'App\\Models\\FormItems', 'brush', 'foregroundColor', 'TextBox', '', '#000000', 0, 'ACTIVE', '2016-12-23 17:38:22', 3, '2016-12-23 17:38:22', 3, '2016-12-24 00:38:22'),
	(142, 5, 'App\\Models\\FormItems', 'text', 'size', 'TextBox', '', 'inherit', 0, 'ACTIVE', '2016-12-23 17:38:22', 3, '2016-12-23 17:38:22', 3, '2016-12-24 00:38:22'),
	(143, 5, 'App\\Models\\FormItems', 'text', 'weight', 'TextBox', '', 'inherit', 0, 'ACTIVE', '2016-12-23 17:38:22', 3, '2016-12-23 17:38:22', 3, '2016-12-24 00:38:22'),
	(144, 5, 'App\\Models\\FormItems', 'text', 'textDecoration', 'TextBox', '', 'inherit', 0, 'ACTIVE', '2016-12-23 17:38:22', 3, '2016-12-23 17:38:22', 3, '2016-12-24 00:38:22'),
	(145, 5, 'App\\Models\\FormItems', 'text', 'style', 'TextBox', '', 'inherit', 0, 'ACTIVE', '2016-12-23 17:38:22', 3, '2016-12-23 17:38:22', 3, '2016-12-24 00:38:22'),
	(146, 6, 'App\\Models\\FormItems', 'common', 'display', 'TextBox', '', '管理者电话', 0, 'ACTIVE', '2016-12-23 17:38:22', 3, '2016-12-23 17:38:22', 3, '2016-12-24 00:38:22'),
	(147, 6, 'App\\Models\\FormItems', 'common', 'description', 'TextBox', '', '', 0, 'ACTIVE', '2016-12-23 17:38:22', 3, '2016-12-23 17:38:22', 3, '2016-12-24 00:38:22'),
	(148, 6, 'App\\Models\\FormItems', 'common', 'default_value', 'TextBox', '', '', 0, 'ACTIVE', '2016-12-23 17:38:22', 3, '2016-12-23 17:38:22', 3, '2016-12-24 00:38:22'),
	(149, 6, 'App\\Models\\FormItems', 'common', 'is_searchable', 'CheckBox', '', '', 0, 'ACTIVE', '2016-12-23 17:38:22', 3, '2016-12-23 17:38:22', 3, '2016-12-24 00:38:22'),
	(150, 6, 'App\\Models\\FormItems', 'common', 'is_show_in_list', 'CheckBox', '', '', 0, 'ACTIVE', '2016-12-23 17:38:22', 3, '2016-12-23 17:38:22', 3, '2016-12-24 00:38:22'),
	(151, 6, 'App\\Models\\FormItems', 'common', 'is_show_in_mobile_list', 'CheckBox', '', '', 0, 'ACTIVE', '2016-12-23 17:38:22', 3, '2016-12-23 17:38:22', 3, '2016-12-24 00:38:22'),
	(152, 6, 'App\\Models\\FormItems', 'common', 'sort_sequence', 'TextBox', '', '', 0, 'ACTIVE', '2016-12-23 17:38:22', 3, '2016-12-23 17:38:22', 3, '2016-12-24 00:38:22'),
	(153, 6, 'App\\Models\\FormItems', 'common', 'placeholder', 'TextBox', '', '', 0, 'ACTIVE', '2016-12-23 17:38:22', 3, '2016-12-23 17:38:22', 3, '2016-12-24 00:38:22'),
	(154, 6, 'App\\Models\\FormItems', 'common', 'tooltips', 'TextBox', '', '', 0, 'ACTIVE', '2016-12-23 17:38:22', 3, '2016-12-23 17:38:22', 3, '2016-12-24 00:38:22'),
	(155, 6, 'App\\Models\\FormItems', 'layout', 'width', 'TextBox', '', '', 0, 'ACTIVE', '2016-12-23 17:38:22', 3, '2016-12-23 17:38:22', 3, '2016-12-24 00:38:22'),
	(156, 6, 'App\\Models\\FormItems', 'layout', 'height', 'TextBox', '', '', 0, 'ACTIVE', '2016-12-23 17:38:22', 3, '2016-12-23 17:38:22', 3, '2016-12-24 00:38:22'),
	(157, 6, 'App\\Models\\FormItems', 'layout', 'horizontalAlignment', 'TextBox', '', 'left', 0, 'ACTIVE', '2016-12-23 17:38:22', 3, '2016-12-23 17:38:22', 3, '2016-12-24 00:38:22'),
	(158, 6, 'App\\Models\\FormItems', 'layout', 'verticalAlignment', 'TextBox', '', 'top', 0, 'ACTIVE', '2016-12-23 17:38:22', 3, '2016-12-23 17:38:22', 3, '2016-12-24 00:38:22'),
	(159, 6, 'App\\Models\\FormItems', 'layout', 'marginTop', 'TextBox', '', '0px', 0, 'ACTIVE', '2016-12-23 17:38:22', 3, '2016-12-23 17:38:22', 3, '2016-12-24 00:38:22'),
	(160, 6, 'App\\Models\\FormItems', 'layout', 'marginRight', 'TextBox', '', '0px', 0, 'ACTIVE', '2016-12-23 17:38:22', 3, '2016-12-23 17:38:22', 3, '2016-12-24 00:38:22'),
	(161, 6, 'App\\Models\\FormItems', 'layout', 'marginBottom', 'TextBox', '', '0px', 0, 'ACTIVE', '2016-12-23 17:38:22', 3, '2016-12-23 17:38:22', 3, '2016-12-24 00:38:22'),
	(162, 6, 'App\\Models\\FormItems', 'layout', 'marginLeft', 'TextBox', '', '0px', 0, 'ACTIVE', '2016-12-23 17:38:22', 3, '2016-12-23 17:38:22', 3, '2016-12-24 00:38:22'),
	(163, 6, 'App\\Models\\FormItems', 'brush', 'backgroundColor', 'TextBox', '', '', 0, 'ACTIVE', '2016-12-23 17:38:22', 3, '2016-12-23 17:38:22', 3, '2016-12-24 00:38:22'),
	(164, 6, 'App\\Models\\FormItems', 'brush', 'backgroundImage', 'TextBox', '', '', 0, 'ACTIVE', '2016-12-23 17:38:22', 3, '2016-12-23 17:38:22', 3, '2016-12-24 00:38:22'),
	(165, 6, 'App\\Models\\FormItems', 'brush', 'foregroundColor', 'TextBox', '', '#000000', 0, 'ACTIVE', '2016-12-23 17:38:22', 3, '2016-12-23 17:38:22', 3, '2016-12-24 00:38:22'),
	(166, 6, 'App\\Models\\FormItems', 'text', 'size', 'TextBox', '', 'inherit', 0, 'ACTIVE', '2016-12-23 17:38:22', 3, '2016-12-23 17:38:22', 3, '2016-12-24 00:38:22'),
	(167, 6, 'App\\Models\\FormItems', 'text', 'weight', 'TextBox', '', 'inherit', 0, 'ACTIVE', '2016-12-23 17:38:22', 3, '2016-12-23 17:38:22', 3, '2016-12-24 00:38:22'),
	(168, 6, 'App\\Models\\FormItems', 'text', 'textDecoration', 'TextBox', '', 'inherit', 0, 'ACTIVE', '2016-12-23 17:38:22', 3, '2016-12-23 17:38:22', 3, '2016-12-24 00:38:22'),
	(169, 6, 'App\\Models\\FormItems', 'text', 'style', 'TextBox', '', 'inherit', 0, 'ACTIVE', '2016-12-23 17:38:22', 3, '2016-12-23 17:38:22', 3, '2016-12-24 00:38:22'),
	(170, 7, 'App\\Models\\FormItems', 'common', 'display', 'TextBox', '', '果子姓名', 0, 'ACTIVE', '2016-12-23 17:38:22', 3, '2016-12-23 17:38:22', 3, '2016-12-24 00:38:22'),
	(171, 7, 'App\\Models\\FormItems', 'common', 'description', 'TextBox', '', '', 0, 'ACTIVE', '2016-12-23 17:38:22', 3, '2016-12-23 17:38:22', 3, '2016-12-24 00:38:22'),
	(172, 7, 'App\\Models\\FormItems', 'common', 'default_value', 'TextBox', '', '', 0, 'ACTIVE', '2016-12-23 17:38:22', 3, '2016-12-23 17:38:22', 3, '2016-12-24 00:38:22'),
	(173, 7, 'App\\Models\\FormItems', 'common', 'is_searchable', 'CheckBox', '', '', 0, 'ACTIVE', '2016-12-23 17:38:22', 3, '2016-12-23 17:38:22', 3, '2016-12-24 00:38:22'),
	(174, 7, 'App\\Models\\FormItems', 'common', 'is_show_in_list', 'CheckBox', '', '', 0, 'ACTIVE', '2016-12-23 17:38:22', 3, '2016-12-23 17:38:22', 3, '2016-12-24 00:38:22'),
	(175, 7, 'App\\Models\\FormItems', 'common', 'is_show_in_mobile_list', 'CheckBox', '', '', 0, 'ACTIVE', '2016-12-23 17:38:22', 3, '2016-12-23 17:38:22', 3, '2016-12-24 00:38:22'),
	(176, 7, 'App\\Models\\FormItems', 'common', 'sort_sequence', 'TextBox', '', '', 0, 'ACTIVE', '2016-12-23 17:38:22', 3, '2016-12-23 17:38:22', 3, '2016-12-24 00:38:22'),
	(177, 7, 'App\\Models\\FormItems', 'common', 'placeholder', 'TextBox', '', '', 0, 'ACTIVE', '2016-12-23 17:38:22', 3, '2016-12-23 17:38:22', 3, '2016-12-24 00:38:22'),
	(178, 7, 'App\\Models\\FormItems', 'common', 'tooltips', 'TextBox', '', '', 0, 'ACTIVE', '2016-12-23 17:38:22', 3, '2016-12-23 17:38:22', 3, '2016-12-24 00:38:22'),
	(179, 7, 'App\\Models\\FormItems', 'layout', 'width', 'TextBox', '', '', 0, 'ACTIVE', '2016-12-23 17:38:22', 3, '2016-12-23 17:38:22', 3, '2016-12-24 00:38:22'),
	(180, 7, 'App\\Models\\FormItems', 'layout', 'height', 'TextBox', '', '', 0, 'ACTIVE', '2016-12-23 17:38:22', 3, '2016-12-23 17:38:22', 3, '2016-12-24 00:38:22'),
	(181, 7, 'App\\Models\\FormItems', 'layout', 'horizontalAlignment', 'TextBox', '', 'left', 0, 'ACTIVE', '2016-12-23 17:38:22', 3, '2016-12-23 17:38:22', 3, '2016-12-24 00:38:22'),
	(182, 7, 'App\\Models\\FormItems', 'layout', 'verticalAlignment', 'TextBox', '', 'top', 0, 'ACTIVE', '2016-12-23 17:38:22', 3, '2016-12-23 17:38:22', 3, '2016-12-24 00:38:22'),
	(183, 7, 'App\\Models\\FormItems', 'layout', 'marginTop', 'TextBox', '', '0px', 0, 'ACTIVE', '2016-12-23 17:38:22', 3, '2016-12-23 17:38:22', 3, '2016-12-24 00:38:22'),
	(184, 7, 'App\\Models\\FormItems', 'layout', 'marginRight', 'TextBox', '', '0px', 0, 'ACTIVE', '2016-12-23 17:38:22', 3, '2016-12-23 17:38:22', 3, '2016-12-24 00:38:22'),
	(185, 7, 'App\\Models\\FormItems', 'layout', 'marginBottom', 'TextBox', '', '0px', 0, 'ACTIVE', '2016-12-23 17:38:22', 3, '2016-12-23 17:38:22', 3, '2016-12-24 00:38:22'),
	(186, 7, 'App\\Models\\FormItems', 'layout', 'marginLeft', 'TextBox', '', '0px', 0, 'ACTIVE', '2016-12-23 17:38:22', 3, '2016-12-23 17:38:22', 3, '2016-12-24 00:38:22'),
	(187, 7, 'App\\Models\\FormItems', 'brush', 'backgroundColor', 'TextBox', '', '', 0, 'ACTIVE', '2016-12-23 17:38:22', 3, '2016-12-23 17:38:22', 3, '2016-12-24 00:38:22'),
	(188, 7, 'App\\Models\\FormItems', 'brush', 'backgroundImage', 'TextBox', '', '', 0, 'ACTIVE', '2016-12-23 17:38:22', 3, '2016-12-23 17:38:22', 3, '2016-12-24 00:38:22'),
	(189, 7, 'App\\Models\\FormItems', 'brush', 'foregroundColor', 'TextBox', '', '#000000', 0, 'ACTIVE', '2016-12-23 17:38:22', 3, '2016-12-23 17:38:22', 3, '2016-12-24 00:38:22'),
	(190, 7, 'App\\Models\\FormItems', 'text', 'size', 'TextBox', '', 'inherit', 0, 'ACTIVE', '2016-12-23 17:38:22', 3, '2016-12-23 17:38:22', 3, '2016-12-24 00:38:22'),
	(191, 7, 'App\\Models\\FormItems', 'text', 'weight', 'TextBox', '', 'inherit', 0, 'ACTIVE', '2016-12-23 17:38:22', 3, '2016-12-23 17:38:22', 3, '2016-12-24 00:38:22'),
	(192, 7, 'App\\Models\\FormItems', 'text', 'textDecoration', 'TextBox', '', 'inherit', 0, 'ACTIVE', '2016-12-23 17:38:22', 3, '2016-12-23 17:38:22', 3, '2016-12-24 00:38:22'),
	(193, 7, 'App\\Models\\FormItems', 'text', 'style', 'TextBox', '', 'inherit', 0, 'ACTIVE', '2016-12-23 17:38:22', 3, '2016-12-23 17:38:22', 3, '2016-12-24 00:38:22'),
	(194, 8, 'App\\Models\\FormItems', 'common', 'display', 'TextBox', '', '果子电话', 0, 'ACTIVE', '2016-12-23 17:38:22', 3, '2016-12-23 17:38:22', 3, '2016-12-24 00:38:22'),
	(195, 8, 'App\\Models\\FormItems', 'common', 'description', 'TextBox', '', '', 0, 'ACTIVE', '2016-12-23 17:38:22', 3, '2016-12-23 17:38:22', 3, '2016-12-24 00:38:22'),
	(196, 8, 'App\\Models\\FormItems', 'common', 'default_value', 'TextBox', '', '', 0, 'ACTIVE', '2016-12-23 17:38:22', 3, '2016-12-23 17:38:22', 3, '2016-12-24 00:38:22'),
	(197, 8, 'App\\Models\\FormItems', 'common', 'is_searchable', 'CheckBox', '', '', 0, 'ACTIVE', '2016-12-23 17:38:22', 3, '2016-12-23 17:38:22', 3, '2016-12-24 00:38:22'),
	(198, 8, 'App\\Models\\FormItems', 'common', 'is_show_in_list', 'CheckBox', '', '', 0, 'ACTIVE', '2016-12-23 17:38:22', 3, '2016-12-23 17:38:22', 3, '2016-12-24 00:38:22'),
	(199, 8, 'App\\Models\\FormItems', 'common', 'is_show_in_mobile_list', 'CheckBox', '', '', 0, 'ACTIVE', '2016-12-23 17:38:22', 3, '2016-12-23 17:38:22', 3, '2016-12-24 00:38:22'),
	(200, 8, 'App\\Models\\FormItems', 'common', 'sort_sequence', 'TextBox', '', '', 0, 'ACTIVE', '2016-12-23 17:38:22', 3, '2016-12-23 17:38:22', 3, '2016-12-24 00:38:22'),
	(201, 8, 'App\\Models\\FormItems', 'common', 'placeholder', 'TextBox', '', '', 0, 'ACTIVE', '2016-12-23 17:38:22', 3, '2016-12-23 17:38:22', 3, '2016-12-24 00:38:22'),
	(202, 8, 'App\\Models\\FormItems', 'common', 'tooltips', 'TextBox', '', '', 0, 'ACTIVE', '2016-12-23 17:38:22', 3, '2016-12-23 17:38:22', 3, '2016-12-24 00:38:22'),
	(203, 8, 'App\\Models\\FormItems', 'layout', 'width', 'TextBox', '', '', 0, 'ACTIVE', '2016-12-23 17:38:22', 3, '2016-12-23 17:38:22', 3, '2016-12-24 00:38:22'),
	(204, 8, 'App\\Models\\FormItems', 'layout', 'height', 'TextBox', '', '', 0, 'ACTIVE', '2016-12-23 17:38:22', 3, '2016-12-23 17:38:22', 3, '2016-12-24 00:38:22'),
	(205, 8, 'App\\Models\\FormItems', 'layout', 'horizontalAlignment', 'TextBox', '', 'left', 0, 'ACTIVE', '2016-12-23 17:38:22', 3, '2016-12-23 17:38:22', 3, '2016-12-24 00:38:22'),
	(206, 8, 'App\\Models\\FormItems', 'layout', 'verticalAlignment', 'TextBox', '', 'top', 0, 'ACTIVE', '2016-12-23 17:38:22', 3, '2016-12-23 17:38:22', 3, '2016-12-24 00:38:22'),
	(207, 8, 'App\\Models\\FormItems', 'layout', 'marginTop', 'TextBox', '', '0px', 0, 'ACTIVE', '2016-12-23 17:38:22', 3, '2016-12-23 17:38:22', 3, '2016-12-24 00:38:22'),
	(208, 8, 'App\\Models\\FormItems', 'layout', 'marginRight', 'TextBox', '', '0px', 0, 'ACTIVE', '2016-12-23 17:38:22', 3, '2016-12-23 17:38:22', 3, '2016-12-24 00:38:22'),
	(209, 8, 'App\\Models\\FormItems', 'layout', 'marginBottom', 'TextBox', '', '0px', 0, 'ACTIVE', '2016-12-23 17:38:22', 3, '2016-12-23 17:38:22', 3, '2016-12-24 00:38:22'),
	(210, 8, 'App\\Models\\FormItems', 'layout', 'marginLeft', 'TextBox', '', '0px', 0, 'ACTIVE', '2016-12-23 17:38:22', 3, '2016-12-23 17:38:22', 3, '2016-12-24 00:38:22'),
	(211, 8, 'App\\Models\\FormItems', 'brush', 'backgroundColor', 'TextBox', '', '', 0, 'ACTIVE', '2016-12-23 17:38:22', 3, '2016-12-23 17:38:22', 3, '2016-12-24 00:38:22'),
	(212, 8, 'App\\Models\\FormItems', 'brush', 'backgroundImage', 'TextBox', '', '', 0, 'ACTIVE', '2016-12-23 17:38:22', 3, '2016-12-23 17:38:22', 3, '2016-12-24 00:38:22'),
	(213, 8, 'App\\Models\\FormItems', 'brush', 'foregroundColor', 'TextBox', '', '#000000', 0, 'ACTIVE', '2016-12-23 17:38:22', 3, '2016-12-23 17:38:22', 3, '2016-12-24 00:38:22'),
	(214, 8, 'App\\Models\\FormItems', 'text', 'size', 'TextBox', '', 'inherit', 0, 'ACTIVE', '2016-12-23 17:38:22', 3, '2016-12-23 17:38:22', 3, '2016-12-24 00:38:22'),
	(215, 8, 'App\\Models\\FormItems', 'text', 'weight', 'TextBox', '', 'inherit', 0, 'ACTIVE', '2016-12-23 17:38:22', 3, '2016-12-23 17:38:22', 3, '2016-12-24 00:38:22'),
	(216, 8, 'App\\Models\\FormItems', 'text', 'textDecoration', 'TextBox', '', 'inherit', 0, 'ACTIVE', '2016-12-23 17:38:22', 3, '2016-12-23 17:38:22', 3, '2016-12-24 00:38:22'),
	(217, 8, 'App\\Models\\FormItems', 'text', 'style', 'TextBox', '', 'inherit', 0, 'ACTIVE', '2016-12-23 17:38:22', 3, '2016-12-23 17:38:22', 3, '2016-12-24 00:38:22'),
	(218, 9, 'App\\Models\\FormItems', 'common', 'display', 'TextBox', '', '是否查询并确认果子不是黑名单人员', 0, 'ACTIVE', '2016-12-23 17:38:22', 3, '2016-12-23 17:38:22', 3, '2016-12-24 00:38:22'),
	(219, 9, 'App\\Models\\FormItems', 'common', 'description', 'TextBox', '', '', 0, 'ACTIVE', '2016-12-23 17:38:22', 3, '2016-12-23 17:38:22', 3, '2016-12-24 00:38:22'),
	(220, 9, 'App\\Models\\FormItems', 'common', 'default_value', 'TextBox', '', '', 0, 'ACTIVE', '2016-12-23 17:38:22', 3, '2016-12-23 17:38:22', 3, '2016-12-24 00:38:22'),
	(221, 9, 'App\\Models\\FormItems', 'common', 'is_searchable', 'CheckBox', '', '', 0, 'ACTIVE', '2016-12-23 17:38:22', 3, '2016-12-23 17:38:22', 3, '2016-12-24 00:38:22'),
	(222, 9, 'App\\Models\\FormItems', 'common', 'is_show_in_list', 'CheckBox', '', '', 0, 'ACTIVE', '2016-12-23 17:38:22', 3, '2016-12-23 17:38:22', 3, '2016-12-24 00:38:22'),
	(223, 9, 'App\\Models\\FormItems', 'common', 'is_show_in_mobile_list', 'CheckBox', '', '', 0, 'ACTIVE', '2016-12-23 17:38:22', 3, '2016-12-23 17:38:22', 3, '2016-12-24 00:38:22'),
	(224, 9, 'App\\Models\\FormItems', 'common', 'sort_sequence', 'TextBox', '', '', 0, 'ACTIVE', '2016-12-23 17:38:22', 3, '2016-12-23 17:38:22', 3, '2016-12-24 00:38:22'),
	(225, 9, 'App\\Models\\FormItems', 'common', 'placeholder', 'TextBox', '', '', 0, 'ACTIVE', '2016-12-23 17:38:22', 3, '2016-12-23 17:38:22', 3, '2016-12-24 00:38:22'),
	(226, 9, 'App\\Models\\FormItems', 'common', 'tooltips', 'TextBox', '', '', 0, 'ACTIVE', '2016-12-23 17:38:22', 3, '2016-12-23 17:38:22', 3, '2016-12-24 00:38:22'),
	(227, 9, 'App\\Models\\FormItems', 'layout', 'width', 'TextBox', '', '100px', 0, 'ACTIVE', '2016-12-23 17:38:22', 3, '2016-12-23 17:38:22', 3, '2016-12-24 00:38:22'),
	(228, 9, 'App\\Models\\FormItems', 'layout', 'height', 'TextBox', '', '23px', 0, 'ACTIVE', '2016-12-23 17:38:22', 3, '2016-12-23 17:38:22', 3, '2016-12-24 00:38:22'),
	(229, 9, 'App\\Models\\FormItems', 'layout', 'horizontalAlignment', 'TextBox', '', 'left', 0, 'ACTIVE', '2016-12-23 17:38:22', 3, '2016-12-23 17:38:22', 3, '2016-12-24 00:38:22'),
	(230, 9, 'App\\Models\\FormItems', 'layout', 'verticalAlignment', 'TextBox', '', 'top', 0, 'ACTIVE', '2016-12-23 17:38:22', 3, '2016-12-23 17:38:22', 3, '2016-12-24 00:38:22'),
	(231, 9, 'App\\Models\\FormItems', 'layout', 'marginTop', 'TextBox', '', '0px', 0, 'ACTIVE', '2016-12-23 17:38:22', 3, '2016-12-23 17:38:22', 3, '2016-12-24 00:38:22'),
	(232, 9, 'App\\Models\\FormItems', 'layout', 'marginRight', 'TextBox', '', '0px', 0, 'ACTIVE', '2016-12-23 17:38:22', 3, '2016-12-23 17:38:22', 3, '2016-12-24 00:38:22'),
	(233, 9, 'App\\Models\\FormItems', 'layout', 'marginBottom', 'TextBox', '', '0px', 0, 'ACTIVE', '2016-12-23 17:38:22', 3, '2016-12-23 17:38:22', 3, '2016-12-24 00:38:22'),
	(234, 9, 'App\\Models\\FormItems', 'layout', 'marginLeft', 'TextBox', '', '0px', 0, 'ACTIVE', '2016-12-23 17:38:22', 3, '2016-12-23 17:38:22', 3, '2016-12-24 00:38:22'),
	(235, 9, 'App\\Models\\FormItems', 'brush', 'backgroundColor', 'TextBox', '', '', 0, 'ACTIVE', '2016-12-23 17:38:22', 3, '2016-12-23 17:38:22', 3, '2016-12-24 00:38:22'),
	(236, 9, 'App\\Models\\FormItems', 'brush', 'backgroundImage', 'TextBox', '', '', 0, 'ACTIVE', '2016-12-23 17:38:22', 3, '2016-12-23 17:38:22', 3, '2016-12-24 00:38:22'),
	(237, 9, 'App\\Models\\FormItems', 'brush', 'foregroundColor', 'TextBox', '', '#000000', 0, 'ACTIVE', '2016-12-23 17:38:22', 3, '2016-12-23 17:38:22', 3, '2016-12-24 00:38:22'),
	(238, 9, 'App\\Models\\FormItems', 'text', 'size', 'TextBox', '', 'inherit', 0, 'ACTIVE', '2016-12-23 17:38:22', 3, '2016-12-23 17:38:22', 3, '2016-12-24 00:38:22'),
	(239, 9, 'App\\Models\\FormItems', 'text', 'weight', 'TextBox', '', 'inherit', 0, 'ACTIVE', '2016-12-23 17:38:22', 3, '2016-12-23 17:38:22', 3, '2016-12-24 00:38:22'),
	(240, 9, 'App\\Models\\FormItems', 'text', 'textDecoration', 'TextBox', '', 'inherit', 0, 'ACTIVE', '2016-12-23 17:38:22', 3, '2016-12-23 17:38:22', 3, '2016-12-24 00:38:22'),
	(241, 9, 'App\\Models\\FormItems', 'text', 'style', 'TextBox', '', 'inherit', 0, 'ACTIVE', '2016-12-23 17:38:22', 3, '2016-12-23 17:38:22', 3, '2016-12-24 00:38:22'),
	(242, 10, 'App\\Models\\FormItems', 'common', 'display', 'TextBox', '', '是否查询并确认果子不是重复收割人员', 0, 'ACTIVE', '2016-12-23 17:38:22', 3, '2016-12-23 17:38:22', 3, '2016-12-24 00:38:22'),
	(243, 10, 'App\\Models\\FormItems', 'common', 'description', 'TextBox', '', '', 0, 'ACTIVE', '2016-12-23 17:38:22', 3, '2016-12-23 17:38:22', 3, '2016-12-24 00:38:22'),
	(244, 10, 'App\\Models\\FormItems', 'common', 'default_value', 'TextBox', '', '', 0, 'ACTIVE', '2016-12-23 17:38:22', 3, '2016-12-23 17:38:22', 3, '2016-12-24 00:38:22'),
	(245, 10, 'App\\Models\\FormItems', 'common', 'is_searchable', 'CheckBox', '', '', 0, 'ACTIVE', '2016-12-23 17:38:22', 3, '2016-12-23 17:38:22', 3, '2016-12-24 00:38:22'),
	(246, 10, 'App\\Models\\FormItems', 'common', 'is_show_in_list', 'CheckBox', '', '', 0, 'ACTIVE', '2016-12-23 17:38:22', 3, '2016-12-23 17:38:22', 3, '2016-12-24 00:38:22'),
	(247, 10, 'App\\Models\\FormItems', 'common', 'is_show_in_mobile_list', 'CheckBox', '', '', 0, 'ACTIVE', '2016-12-23 17:38:22', 3, '2016-12-23 17:38:22', 3, '2016-12-24 00:38:22'),
	(248, 10, 'App\\Models\\FormItems', 'common', 'sort_sequence', 'TextBox', '', '', 0, 'ACTIVE', '2016-12-23 17:38:22', 3, '2016-12-23 17:38:22', 3, '2016-12-24 00:38:22'),
	(249, 10, 'App\\Models\\FormItems', 'common', 'placeholder', 'TextBox', '', '', 0, 'ACTIVE', '2016-12-23 17:38:22', 3, '2016-12-23 17:38:22', 3, '2016-12-24 00:38:22'),
	(250, 10, 'App\\Models\\FormItems', 'common', 'tooltips', 'TextBox', '', '', 0, 'ACTIVE', '2016-12-23 17:38:22', 3, '2016-12-23 17:38:22', 3, '2016-12-24 00:38:22'),
	(251, 10, 'App\\Models\\FormItems', 'layout', 'width', 'TextBox', '', '100px', 0, 'ACTIVE', '2016-12-23 17:38:22', 3, '2016-12-23 17:38:22', 3, '2016-12-24 00:38:22'),
	(252, 10, 'App\\Models\\FormItems', 'layout', 'height', 'TextBox', '', '23px', 0, 'ACTIVE', '2016-12-23 17:38:22', 3, '2016-12-23 17:38:22', 3, '2016-12-24 00:38:22'),
	(253, 10, 'App\\Models\\FormItems', 'layout', 'horizontalAlignment', 'TextBox', '', 'left', 0, 'ACTIVE', '2016-12-23 17:38:22', 3, '2016-12-23 17:38:22', 3, '2016-12-24 00:38:22'),
	(254, 10, 'App\\Models\\FormItems', 'layout', 'verticalAlignment', 'TextBox', '', 'top', 0, 'ACTIVE', '2016-12-23 17:38:22', 3, '2016-12-23 17:38:22', 3, '2016-12-24 00:38:22'),
	(255, 10, 'App\\Models\\FormItems', 'layout', 'marginTop', 'TextBox', '', '0px', 0, 'ACTIVE', '2016-12-23 17:38:22', 3, '2016-12-23 17:38:22', 3, '2016-12-24 00:38:22'),
	(256, 10, 'App\\Models\\FormItems', 'layout', 'marginRight', 'TextBox', '', '0px', 0, 'ACTIVE', '2016-12-23 17:38:22', 3, '2016-12-23 17:38:22', 3, '2016-12-24 00:38:22'),
	(257, 10, 'App\\Models\\FormItems', 'layout', 'marginBottom', 'TextBox', '', '0px', 0, 'ACTIVE', '2016-12-23 17:38:22', 3, '2016-12-23 17:38:22', 3, '2016-12-24 00:38:22'),
	(258, 10, 'App\\Models\\FormItems', 'layout', 'marginLeft', 'TextBox', '', '0px', 0, 'ACTIVE', '2016-12-23 17:38:22', 3, '2016-12-23 17:38:22', 3, '2016-12-24 00:38:22'),
	(259, 10, 'App\\Models\\FormItems', 'brush', 'backgroundColor', 'TextBox', '', '', 0, 'ACTIVE', '2016-12-23 17:38:22', 3, '2016-12-23 17:38:22', 3, '2016-12-24 00:38:22'),
	(260, 10, 'App\\Models\\FormItems', 'brush', 'backgroundImage', 'TextBox', '', '', 0, 'ACTIVE', '2016-12-23 17:38:22', 3, '2016-12-23 17:38:22', 3, '2016-12-24 00:38:22'),
	(261, 10, 'App\\Models\\FormItems', 'brush', 'foregroundColor', 'TextBox', '', '#000000', 0, 'ACTIVE', '2016-12-23 17:38:22', 3, '2016-12-23 17:38:22', 3, '2016-12-24 00:38:22'),
	(262, 10, 'App\\Models\\FormItems', 'text', 'size', 'TextBox', '', 'inherit', 0, 'ACTIVE', '2016-12-23 17:38:22', 3, '2016-12-23 17:38:22', 3, '2016-12-24 00:38:22'),
	(263, 10, 'App\\Models\\FormItems', 'text', 'weight', 'TextBox', '', 'inherit', 0, 'ACTIVE', '2016-12-23 17:38:22', 3, '2016-12-23 17:38:22', 3, '2016-12-24 00:38:22'),
	(264, 10, 'App\\Models\\FormItems', 'text', 'textDecoration', 'TextBox', '', 'inherit', 0, 'ACTIVE', '2016-12-23 17:38:22', 3, '2016-12-23 17:38:22', 3, '2016-12-24 00:38:22'),
	(265, 10, 'App\\Models\\FormItems', 'text', 'style', 'TextBox', '', 'inherit', 0, 'ACTIVE', '2016-12-23 17:38:22', 3, '2016-12-23 17:38:22', 3, '2016-12-24 00:38:22'),
	(266, 11, 'App\\Models\\FormItems', 'common', 'display', 'TextBox', '', '果子QQ号', 0, 'ACTIVE', '2016-12-23 17:38:22', 3, '2016-12-23 17:38:22', 3, '2016-12-24 00:38:22'),
	(267, 11, 'App\\Models\\FormItems', 'common', 'description', 'TextBox', '', '', 0, 'ACTIVE', '2016-12-23 17:38:22', 3, '2016-12-23 17:38:22', 3, '2016-12-24 00:38:22'),
	(268, 11, 'App\\Models\\FormItems', 'common', 'default_value', 'TextBox', '', '', 0, 'ACTIVE', '2016-12-23 17:38:22', 3, '2016-12-23 17:38:22', 3, '2016-12-24 00:38:22'),
	(269, 11, 'App\\Models\\FormItems', 'common', 'is_searchable', 'CheckBox', '', '', 0, 'ACTIVE', '2016-12-23 17:38:22', 3, '2016-12-23 17:38:22', 3, '2016-12-24 00:38:22'),
	(270, 11, 'App\\Models\\FormItems', 'common', 'is_show_in_list', 'CheckBox', '', '', 0, 'ACTIVE', '2016-12-23 17:38:22', 3, '2016-12-23 17:38:22', 3, '2016-12-24 00:38:22'),
	(271, 11, 'App\\Models\\FormItems', 'common', 'is_show_in_mobile_list', 'CheckBox', '', '', 0, 'ACTIVE', '2016-12-23 17:38:22', 3, '2016-12-23 17:38:22', 3, '2016-12-24 00:38:22'),
	(272, 11, 'App\\Models\\FormItems', 'common', 'sort_sequence', 'TextBox', '', '', 0, 'ACTIVE', '2016-12-23 17:38:22', 3, '2016-12-23 17:38:22', 3, '2016-12-24 00:38:22'),
	(273, 11, 'App\\Models\\FormItems', 'common', 'placeholder', 'TextBox', '', '', 0, 'ACTIVE', '2016-12-23 17:38:22', 3, '2016-12-23 17:38:22', 3, '2016-12-24 00:38:22'),
	(274, 11, 'App\\Models\\FormItems', 'common', 'tooltips', 'TextBox', '', '', 0, 'ACTIVE', '2016-12-23 17:38:22', 3, '2016-12-23 17:38:22', 3, '2016-12-24 00:38:22'),
	(275, 11, 'App\\Models\\FormItems', 'layout', 'width', 'TextBox', '', '', 0, 'ACTIVE', '2016-12-23 17:38:22', 3, '2016-12-23 17:38:22', 3, '2016-12-24 00:38:22'),
	(276, 11, 'App\\Models\\FormItems', 'layout', 'height', 'TextBox', '', '', 0, 'ACTIVE', '2016-12-23 17:38:22', 3, '2016-12-23 17:38:22', 3, '2016-12-24 00:38:22'),
	(277, 11, 'App\\Models\\FormItems', 'layout', 'horizontalAlignment', 'TextBox', '', 'left', 0, 'ACTIVE', '2016-12-23 17:38:22', 3, '2016-12-23 17:38:22', 3, '2016-12-24 00:38:22'),
	(278, 11, 'App\\Models\\FormItems', 'layout', 'verticalAlignment', 'TextBox', '', 'top', 0, 'ACTIVE', '2016-12-23 17:38:22', 3, '2016-12-23 17:38:22', 3, '2016-12-24 00:38:22'),
	(279, 11, 'App\\Models\\FormItems', 'layout', 'marginTop', 'TextBox', '', '0px', 0, 'ACTIVE', '2016-12-23 17:38:22', 3, '2016-12-23 17:38:22', 3, '2016-12-24 00:38:22'),
	(280, 11, 'App\\Models\\FormItems', 'layout', 'marginRight', 'TextBox', '', '0px', 0, 'ACTIVE', '2016-12-23 17:38:22', 3, '2016-12-23 17:38:22', 3, '2016-12-24 00:38:22'),
	(281, 11, 'App\\Models\\FormItems', 'layout', 'marginBottom', 'TextBox', '', '0px', 0, 'ACTIVE', '2016-12-23 17:38:22', 3, '2016-12-23 17:38:22', 3, '2016-12-24 00:38:22'),
	(282, 11, 'App\\Models\\FormItems', 'layout', 'marginLeft', 'TextBox', '', '0px', 0, 'ACTIVE', '2016-12-23 17:38:22', 3, '2016-12-23 17:38:22', 3, '2016-12-24 00:38:22'),
	(283, 11, 'App\\Models\\FormItems', 'brush', 'backgroundColor', 'TextBox', '', '', 0, 'ACTIVE', '2016-12-23 17:38:22', 3, '2016-12-23 17:38:22', 3, '2016-12-24 00:38:22'),
	(284, 11, 'App\\Models\\FormItems', 'brush', 'backgroundImage', 'TextBox', '', '', 0, 'ACTIVE', '2016-12-23 17:38:22', 3, '2016-12-23 17:38:22', 3, '2016-12-24 00:38:22'),
	(285, 11, 'App\\Models\\FormItems', 'brush', 'foregroundColor', 'TextBox', '', '#000000', 0, 'ACTIVE', '2016-12-23 17:38:22', 3, '2016-12-23 17:38:22', 3, '2016-12-24 00:38:22'),
	(286, 11, 'App\\Models\\FormItems', 'text', 'size', 'TextBox', '', 'inherit', 0, 'ACTIVE', '2016-12-23 17:38:22', 3, '2016-12-23 17:38:22', 3, '2016-12-24 00:38:22'),
	(287, 11, 'App\\Models\\FormItems', 'text', 'weight', 'TextBox', '', 'inherit', 0, 'ACTIVE', '2016-12-23 17:38:22', 3, '2016-12-23 17:38:22', 3, '2016-12-24 00:38:22'),
	(288, 11, 'App\\Models\\FormItems', 'text', 'textDecoration', 'TextBox', '', 'inherit', 0, 'ACTIVE', '2016-12-23 17:38:22', 3, '2016-12-23 17:38:22', 3, '2016-12-24 00:38:22'),
	(289, 11, 'App\\Models\\FormItems', 'text', 'style', 'TextBox', '', 'inherit', 0, 'ACTIVE', '2016-12-23 17:38:22', 3, '2016-12-23 17:38:22', 3, '2016-12-24 00:38:22'),
	(290, 12, 'App\\Models\\FormItems', 'common', 'display', 'TextBox', '', '果子微信号', 0, 'ACTIVE', '2016-12-23 17:38:22', 3, '2016-12-23 17:38:22', 3, '2016-12-24 00:38:22'),
	(291, 12, 'App\\Models\\FormItems', 'common', 'description', 'TextBox', '', '', 0, 'ACTIVE', '2016-12-23 17:38:22', 3, '2016-12-23 17:38:22', 3, '2016-12-24 00:38:22'),
	(292, 12, 'App\\Models\\FormItems', 'common', 'default_value', 'TextBox', '', '', 0, 'ACTIVE', '2016-12-23 17:38:22', 3, '2016-12-23 17:38:22', 3, '2016-12-24 00:38:22'),
	(293, 12, 'App\\Models\\FormItems', 'common', 'is_searchable', 'CheckBox', '', '', 0, 'ACTIVE', '2016-12-23 17:38:22', 3, '2016-12-23 17:38:22', 3, '2016-12-24 00:38:22'),
	(294, 12, 'App\\Models\\FormItems', 'common', 'is_show_in_list', 'CheckBox', '', '', 0, 'ACTIVE', '2016-12-23 17:38:22', 3, '2016-12-23 17:38:22', 3, '2016-12-24 00:38:22'),
	(295, 12, 'App\\Models\\FormItems', 'common', 'is_show_in_mobile_list', 'CheckBox', '', '', 0, 'ACTIVE', '2016-12-23 17:38:22', 3, '2016-12-23 17:38:22', 3, '2016-12-24 00:38:22'),
	(296, 12, 'App\\Models\\FormItems', 'common', 'sort_sequence', 'TextBox', '', '', 0, 'ACTIVE', '2016-12-23 17:38:23', 3, '2016-12-23 17:38:23', 3, '2016-12-24 00:38:23'),
	(297, 12, 'App\\Models\\FormItems', 'common', 'placeholder', 'TextBox', '', '', 0, 'ACTIVE', '2016-12-23 17:38:23', 3, '2016-12-23 17:38:23', 3, '2016-12-24 00:38:23'),
	(298, 12, 'App\\Models\\FormItems', 'common', 'tooltips', 'TextBox', '', '', 0, 'ACTIVE', '2016-12-23 17:38:23', 3, '2016-12-23 17:38:23', 3, '2016-12-24 00:38:23'),
	(299, 12, 'App\\Models\\FormItems', 'layout', 'width', 'TextBox', '', '', 0, 'ACTIVE', '2016-12-23 17:38:23', 3, '2016-12-23 17:38:23', 3, '2016-12-24 00:38:23'),
	(300, 12, 'App\\Models\\FormItems', 'layout', 'height', 'TextBox', '', '', 0, 'ACTIVE', '2016-12-23 17:38:23', 3, '2016-12-23 17:38:23', 3, '2016-12-24 00:38:23'),
	(301, 12, 'App\\Models\\FormItems', 'layout', 'horizontalAlignment', 'TextBox', '', 'left', 0, 'ACTIVE', '2016-12-23 17:38:23', 3, '2016-12-23 17:38:23', 3, '2016-12-24 00:38:23'),
	(302, 12, 'App\\Models\\FormItems', 'layout', 'verticalAlignment', 'TextBox', '', 'top', 0, 'ACTIVE', '2016-12-23 17:38:23', 3, '2016-12-23 17:38:23', 3, '2016-12-24 00:38:23'),
	(303, 12, 'App\\Models\\FormItems', 'layout', 'marginTop', 'TextBox', '', '0px', 0, 'ACTIVE', '2016-12-23 17:38:23', 3, '2016-12-23 17:38:23', 3, '2016-12-24 00:38:23'),
	(304, 12, 'App\\Models\\FormItems', 'layout', 'marginRight', 'TextBox', '', '0px', 0, 'ACTIVE', '2016-12-23 17:38:23', 3, '2016-12-23 17:38:23', 3, '2016-12-24 00:38:23'),
	(305, 12, 'App\\Models\\FormItems', 'layout', 'marginBottom', 'TextBox', '', '0px', 0, 'ACTIVE', '2016-12-23 17:38:23', 3, '2016-12-23 17:38:23', 3, '2016-12-24 00:38:23'),
	(306, 12, 'App\\Models\\FormItems', 'layout', 'marginLeft', 'TextBox', '', '0px', 0, 'ACTIVE', '2016-12-23 17:38:23', 3, '2016-12-23 17:38:23', 3, '2016-12-24 00:38:23'),
	(307, 12, 'App\\Models\\FormItems', 'brush', 'backgroundColor', 'TextBox', '', '', 0, 'ACTIVE', '2016-12-23 17:38:23', 3, '2016-12-23 17:38:23', 3, '2016-12-24 00:38:23'),
	(308, 12, 'App\\Models\\FormItems', 'brush', 'backgroundImage', 'TextBox', '', '', 0, 'ACTIVE', '2016-12-23 17:38:23', 3, '2016-12-23 17:38:23', 3, '2016-12-24 00:38:23'),
	(309, 12, 'App\\Models\\FormItems', 'brush', 'foregroundColor', 'TextBox', '', '#000000', 0, 'ACTIVE', '2016-12-23 17:38:23', 3, '2016-12-23 17:38:23', 3, '2016-12-24 00:38:23'),
	(310, 12, 'App\\Models\\FormItems', 'text', 'size', 'TextBox', '', 'inherit', 0, 'ACTIVE', '2016-12-23 17:38:23', 3, '2016-12-23 17:38:23', 3, '2016-12-24 00:38:23'),
	(311, 12, 'App\\Models\\FormItems', 'text', 'weight', 'TextBox', '', 'inherit', 0, 'ACTIVE', '2016-12-23 17:38:23', 3, '2016-12-23 17:38:23', 3, '2016-12-24 00:38:23'),
	(312, 12, 'App\\Models\\FormItems', 'text', 'textDecoration', 'TextBox', '', 'inherit', 0, 'ACTIVE', '2016-12-23 17:38:23', 3, '2016-12-23 17:38:23', 3, '2016-12-24 00:38:23'),
	(313, 12, 'App\\Models\\FormItems', 'text', 'style', 'TextBox', '', 'inherit', 0, 'ACTIVE', '2016-12-23 17:38:23', 3, '2016-12-23 17:38:23', 3, '2016-12-24 00:38:23'),
	(314, 13, 'App\\Models\\FormItems', 'common', 'display', 'TextBox', '', '果子部署', 0, 'ACTIVE', '2016-12-23 17:38:23', 3, '2016-12-23 17:38:23', 3, '2016-12-24 00:38:23'),
	(315, 13, 'App\\Models\\FormItems', 'common', 'description', 'TextBox', '', '', 0, 'ACTIVE', '2016-12-23 17:38:23', 3, '2016-12-23 17:38:23', 3, '2016-12-24 00:38:23'),
	(316, 13, 'App\\Models\\FormItems', 'common', 'default_value', 'TextBox', '', '', 0, 'ACTIVE', '2016-12-23 17:38:23', 3, '2016-12-23 17:38:23', 3, '2016-12-24 00:38:23'),
	(317, 13, 'App\\Models\\FormItems', 'common', 'is_searchable', 'CheckBox', '', '', 0, 'ACTIVE', '2016-12-23 17:38:23', 3, '2016-12-23 17:38:23', 3, '2016-12-24 00:38:23'),
	(318, 13, 'App\\Models\\FormItems', 'common', 'is_show_in_list', 'CheckBox', '', '', 0, 'ACTIVE', '2016-12-23 17:38:23', 3, '2016-12-23 17:38:23', 3, '2016-12-24 00:38:23'),
	(319, 13, 'App\\Models\\FormItems', 'common', 'is_show_in_mobile_list', 'CheckBox', '', '', 0, 'ACTIVE', '2016-12-23 17:38:23', 3, '2016-12-23 17:38:23', 3, '2016-12-24 00:38:23'),
	(320, 13, 'App\\Models\\FormItems', 'common', 'sort_sequence', 'TextBox', '', '', 0, 'ACTIVE', '2016-12-23 17:38:23', 3, '2016-12-23 17:38:23', 3, '2016-12-24 00:38:23'),
	(321, 13, 'App\\Models\\FormItems', 'common', 'placeholder', 'TextBox', '', '', 0, 'ACTIVE', '2016-12-23 17:38:23', 3, '2016-12-23 17:38:23', 3, '2016-12-24 00:38:23'),
	(322, 13, 'App\\Models\\FormItems', 'common', 'tooltips', 'TextBox', '', '', 0, 'ACTIVE', '2016-12-23 17:38:23', 3, '2016-12-23 17:38:23', 3, '2016-12-24 00:38:23'),
	(323, 13, 'App\\Models\\FormItems', 'common', 'option', 'Textarea', '', '青年\n壮年\n妇女\n长年\n黑名单', 0, 'ACTIVE', '2016-12-23 17:38:23', 3, '2016-12-23 17:49:03', 3, '2016-12-24 00:49:03'),
	(324, 13, 'App\\Models\\FormItems', 'layout', 'width', 'TextBox', '', '', 0, 'ACTIVE', '2016-12-23 17:38:23', 3, '2016-12-23 17:38:23', 3, '2016-12-24 00:38:23'),
	(325, 13, 'App\\Models\\FormItems', 'layout', 'height', 'TextBox', '', '', 0, 'ACTIVE', '2016-12-23 17:38:23', 3, '2016-12-23 17:38:23', 3, '2016-12-24 00:38:23'),
	(326, 13, 'App\\Models\\FormItems', 'layout', 'horizontalAlignment', 'TextBox', '', 'left', 0, 'ACTIVE', '2016-12-23 17:38:23', 3, '2016-12-23 17:38:23', 3, '2016-12-24 00:38:23'),
	(327, 13, 'App\\Models\\FormItems', 'layout', 'verticalAlignment', 'TextBox', '', 'top', 0, 'ACTIVE', '2016-12-23 17:38:23', 3, '2016-12-23 17:38:23', 3, '2016-12-24 00:38:23'),
	(328, 13, 'App\\Models\\FormItems', 'layout', 'marginTop', 'TextBox', '', '0px', 0, 'ACTIVE', '2016-12-23 17:38:23', 3, '2016-12-23 17:38:23', 3, '2016-12-24 00:38:23'),
	(329, 13, 'App\\Models\\FormItems', 'layout', 'marginRight', 'TextBox', '', '0px', 0, 'ACTIVE', '2016-12-23 17:38:23', 3, '2016-12-23 17:38:23', 3, '2016-12-24 00:38:23'),
	(330, 13, 'App\\Models\\FormItems', 'layout', 'marginBottom', 'TextBox', '', '0px', 0, 'ACTIVE', '2016-12-23 17:38:23', 3, '2016-12-23 17:38:23', 3, '2016-12-24 00:38:23'),
	(331, 13, 'App\\Models\\FormItems', 'layout', 'marginLeft', 'TextBox', '', '0px', 0, 'ACTIVE', '2016-12-23 17:38:23', 3, '2016-12-23 17:38:23', 3, '2016-12-24 00:38:23'),
	(332, 13, 'App\\Models\\FormItems', 'brush', 'backgroundColor', 'TextBox', '', '', 0, 'ACTIVE', '2016-12-23 17:38:23', 3, '2016-12-23 17:38:23', 3, '2016-12-24 00:38:23'),
	(333, 13, 'App\\Models\\FormItems', 'brush', 'backgroundImage', 'TextBox', '', '', 0, 'ACTIVE', '2016-12-23 17:38:23', 3, '2016-12-23 17:38:23', 3, '2016-12-24 00:38:23'),
	(334, 13, 'App\\Models\\FormItems', 'brush', 'foregroundColor', 'TextBox', '', '#000000', 0, 'ACTIVE', '2016-12-23 17:38:23', 3, '2016-12-23 17:38:23', 3, '2016-12-24 00:38:23'),
	(335, 13, 'App\\Models\\FormItems', 'text', 'size', 'TextBox', '', 'inherit', 0, 'ACTIVE', '2016-12-23 17:38:23', 3, '2016-12-23 17:38:23', 3, '2016-12-24 00:38:23'),
	(336, 13, 'App\\Models\\FormItems', 'text', 'weight', 'TextBox', '', 'inherit', 0, 'ACTIVE', '2016-12-23 17:38:23', 3, '2016-12-23 17:38:23', 3, '2016-12-24 00:38:23'),
	(337, 13, 'App\\Models\\FormItems', 'text', 'textDecoration', 'TextBox', '', 'inherit', 0, 'ACTIVE', '2016-12-23 17:38:23', 3, '2016-12-23 17:38:23', 3, '2016-12-24 00:38:23'),
	(338, 13, 'App\\Models\\FormItems', 'text', 'style', 'TextBox', '', 'inherit', 0, 'ACTIVE', '2016-12-23 17:38:23', 3, '2016-12-23 17:38:23', 3, '2016-12-24 00:38:23'),
	(339, 14, 'App\\Models\\FormItems', 'common', 'display', 'TextBox', '', '涉外类型', 0, 'ACTIVE', '2016-12-23 17:38:23', 3, '2016-12-23 17:38:23', 3, '2016-12-24 00:38:23'),
	(340, 14, 'App\\Models\\FormItems', 'common', 'description', 'TextBox', '', '', 0, 'ACTIVE', '2016-12-23 17:38:23', 3, '2016-12-23 17:38:23', 3, '2016-12-24 00:38:23'),
	(341, 14, 'App\\Models\\FormItems', 'common', 'default_value', 'TextBox', '', '', 0, 'ACTIVE', '2016-12-23 17:38:23', 3, '2016-12-23 17:38:23', 3, '2016-12-24 00:38:23'),
	(342, 14, 'App\\Models\\FormItems', 'common', 'is_searchable', 'CheckBox', '', '', 0, 'ACTIVE', '2016-12-23 17:38:23', 3, '2016-12-23 17:38:23', 3, '2016-12-24 00:38:23'),
	(343, 14, 'App\\Models\\FormItems', 'common', 'is_show_in_list', 'CheckBox', '', '', 0, 'ACTIVE', '2016-12-23 17:38:23', 3, '2016-12-23 17:38:23', 3, '2016-12-24 00:38:23'),
	(344, 14, 'App\\Models\\FormItems', 'common', 'is_show_in_mobile_list', 'CheckBox', '', '', 0, 'ACTIVE', '2016-12-23 17:38:23', 3, '2016-12-23 17:38:23', 3, '2016-12-24 00:38:23'),
	(345, 14, 'App\\Models\\FormItems', 'common', 'sort_sequence', 'TextBox', '', '', 0, 'ACTIVE', '2016-12-23 17:38:23', 3, '2016-12-23 17:38:23', 3, '2016-12-24 00:38:23'),
	(346, 14, 'App\\Models\\FormItems', 'common', 'placeholder', 'TextBox', '', '', 0, 'ACTIVE', '2016-12-23 17:38:23', 3, '2016-12-23 17:38:23', 3, '2016-12-24 00:38:23'),
	(347, 14, 'App\\Models\\FormItems', 'common', 'tooltips', 'TextBox', '', '', 0, 'ACTIVE', '2016-12-23 17:38:23', 3, '2016-12-23 17:38:23', 3, '2016-12-24 00:38:23'),
	(348, 14, 'App\\Models\\FormItems', 'common', 'option', 'Textarea', '', 'option', 0, 'ACTIVE', '2016-12-23 17:38:23', 3, '2016-12-23 17:38:23', 3, '2016-12-24 00:38:23'),
	(349, 14, 'App\\Models\\FormItems', 'layout', 'width', 'TextBox', '', '', 0, 'ACTIVE', '2016-12-23 17:38:23', 3, '2016-12-23 17:38:23', 3, '2016-12-24 00:38:23'),
	(350, 14, 'App\\Models\\FormItems', 'layout', 'height', 'TextBox', '', '', 0, 'ACTIVE', '2016-12-23 17:38:23', 3, '2016-12-23 17:38:23', 3, '2016-12-24 00:38:23'),
	(351, 14, 'App\\Models\\FormItems', 'layout', 'horizontalAlignment', 'TextBox', '', 'left', 0, 'ACTIVE', '2016-12-23 17:38:23', 3, '2016-12-23 17:38:23', 3, '2016-12-24 00:38:23'),
	(352, 14, 'App\\Models\\FormItems', 'layout', 'verticalAlignment', 'TextBox', '', 'top', 0, 'ACTIVE', '2016-12-23 17:38:23', 3, '2016-12-23 17:38:23', 3, '2016-12-24 00:38:23'),
	(353, 14, 'App\\Models\\FormItems', 'layout', 'marginTop', 'TextBox', '', '0px', 0, 'ACTIVE', '2016-12-23 17:38:23', 3, '2016-12-23 17:38:23', 3, '2016-12-24 00:38:23'),
	(354, 14, 'App\\Models\\FormItems', 'layout', 'marginRight', 'TextBox', '', '0px', 0, 'ACTIVE', '2016-12-23 17:38:23', 3, '2016-12-23 17:38:23', 3, '2016-12-24 00:38:23'),
	(355, 14, 'App\\Models\\FormItems', 'layout', 'marginBottom', 'TextBox', '', '0px', 0, 'ACTIVE', '2016-12-23 17:38:23', 3, '2016-12-23 17:38:23', 3, '2016-12-24 00:38:23'),
	(356, 14, 'App\\Models\\FormItems', 'layout', 'marginLeft', 'TextBox', '', '0px', 0, 'ACTIVE', '2016-12-23 17:38:23', 3, '2016-12-23 17:38:23', 3, '2016-12-24 00:38:23'),
	(357, 14, 'App\\Models\\FormItems', 'brush', 'backgroundColor', 'TextBox', '', '', 0, 'ACTIVE', '2016-12-23 17:38:23', 3, '2016-12-23 17:38:23', 3, '2016-12-24 00:38:23'),
	(358, 14, 'App\\Models\\FormItems', 'brush', 'backgroundImage', 'TextBox', '', '', 0, 'ACTIVE', '2016-12-23 17:38:23', 3, '2016-12-23 17:38:23', 3, '2016-12-24 00:38:23'),
	(359, 14, 'App\\Models\\FormItems', 'brush', 'foregroundColor', 'TextBox', '', '#000000', 0, 'ACTIVE', '2016-12-23 17:38:23', 3, '2016-12-23 17:38:23', 3, '2016-12-24 00:38:23'),
	(360, 14, 'App\\Models\\FormItems', 'text', 'size', 'TextBox', '', 'inherit', 0, 'ACTIVE', '2016-12-23 17:38:23', 3, '2016-12-23 17:38:23', 3, '2016-12-24 00:38:23'),
	(361, 14, 'App\\Models\\FormItems', 'text', 'weight', 'TextBox', '', 'inherit', 0, 'ACTIVE', '2016-12-23 17:38:23', 3, '2016-12-23 17:38:23', 3, '2016-12-24 00:38:23'),
	(362, 14, 'App\\Models\\FormItems', 'text', 'textDecoration', 'TextBox', '', 'inherit', 0, 'ACTIVE', '2016-12-23 17:38:23', 3, '2016-12-23 17:38:23', 3, '2016-12-24 00:38:23'),
	(363, 14, 'App\\Models\\FormItems', 'text', 'style', 'TextBox', '', 'inherit', 0, 'ACTIVE', '2016-12-23 17:38:23', 3, '2016-12-23 17:38:23', 3, '2016-12-24 00:38:23'),
	(364, 15, 'App\\Models\\FormItems', 'common', 'display', 'TextBox', '', '涉外田地', 0, 'ACTIVE', '2016-12-23 17:38:23', 3, '2016-12-23 17:38:23', 3, '2016-12-24 00:38:23'),
	(365, 15, 'App\\Models\\FormItems', 'common', 'description', 'TextBox', '', '', 0, 'ACTIVE', '2016-12-23 17:38:23', 3, '2016-12-23 17:38:23', 3, '2016-12-24 00:38:23'),
	(366, 15, 'App\\Models\\FormItems', 'common', 'default_value', 'TextBox', '', '', 0, 'ACTIVE', '2016-12-23 17:38:23', 3, '2016-12-23 17:38:23', 3, '2016-12-24 00:38:23'),
	(367, 15, 'App\\Models\\FormItems', 'common', 'is_searchable', 'CheckBox', '', '', 0, 'ACTIVE', '2016-12-23 17:38:23', 3, '2016-12-23 17:38:23', 3, '2016-12-24 00:38:23'),
	(368, 15, 'App\\Models\\FormItems', 'common', 'is_show_in_list', 'CheckBox', '', '', 0, 'ACTIVE', '2016-12-23 17:38:23', 3, '2016-12-23 17:38:23', 3, '2016-12-24 00:38:23'),
	(369, 15, 'App\\Models\\FormItems', 'common', 'is_show_in_mobile_list', 'CheckBox', '', '', 0, 'ACTIVE', '2016-12-23 17:38:23', 3, '2016-12-23 17:38:23', 3, '2016-12-24 00:38:23'),
	(370, 15, 'App\\Models\\FormItems', 'common', 'sort_sequence', 'TextBox', '', '', 0, 'ACTIVE', '2016-12-23 17:38:23', 3, '2016-12-23 17:38:23', 3, '2016-12-24 00:38:23'),
	(371, 15, 'App\\Models\\FormItems', 'common', 'placeholder', 'TextBox', '', '', 0, 'ACTIVE', '2016-12-23 17:38:23', 3, '2016-12-23 17:38:23', 3, '2016-12-24 00:38:23'),
	(372, 15, 'App\\Models\\FormItems', 'common', 'tooltips', 'TextBox', '', '', 0, 'ACTIVE', '2016-12-23 17:38:23', 3, '2016-12-23 17:38:23', 3, '2016-12-24 00:38:23'),
	(373, 15, 'App\\Models\\FormItems', 'common', 'option', 'Textarea', '', 'option', 0, 'ACTIVE', '2016-12-23 17:38:23', 3, '2016-12-23 17:38:23', 3, '2016-12-24 00:38:23'),
	(374, 15, 'App\\Models\\FormItems', 'layout', 'width', 'TextBox', '', '', 0, 'ACTIVE', '2016-12-23 17:38:23', 3, '2016-12-23 17:38:23', 3, '2016-12-24 00:38:23'),
	(375, 15, 'App\\Models\\FormItems', 'layout', 'height', 'TextBox', '', '', 0, 'ACTIVE', '2016-12-23 17:38:23', 3, '2016-12-23 17:38:23', 3, '2016-12-24 00:38:23'),
	(376, 15, 'App\\Models\\FormItems', 'layout', 'horizontalAlignment', 'TextBox', '', 'left', 0, 'ACTIVE', '2016-12-23 17:38:23', 3, '2016-12-23 17:38:23', 3, '2016-12-24 00:38:23'),
	(377, 15, 'App\\Models\\FormItems', 'layout', 'verticalAlignment', 'TextBox', '', 'top', 0, 'ACTIVE', '2016-12-23 17:38:23', 3, '2016-12-23 17:38:23', 3, '2016-12-24 00:38:23'),
	(378, 15, 'App\\Models\\FormItems', 'layout', 'marginTop', 'TextBox', '', '0px', 0, 'ACTIVE', '2016-12-23 17:38:23', 3, '2016-12-23 17:38:23', 3, '2016-12-24 00:38:23'),
	(379, 15, 'App\\Models\\FormItems', 'layout', 'marginRight', 'TextBox', '', '0px', 0, 'ACTIVE', '2016-12-23 17:38:23', 3, '2016-12-23 17:38:23', 3, '2016-12-24 00:38:23'),
	(380, 15, 'App\\Models\\FormItems', 'layout', 'marginBottom', 'TextBox', '', '0px', 0, 'ACTIVE', '2016-12-23 17:38:23', 3, '2016-12-23 17:38:23', 3, '2016-12-24 00:38:23'),
	(381, 15, 'App\\Models\\FormItems', 'layout', 'marginLeft', 'TextBox', '', '0px', 0, 'ACTIVE', '2016-12-23 17:38:23', 3, '2016-12-23 17:38:23', 3, '2016-12-24 00:38:23'),
	(382, 15, 'App\\Models\\FormItems', 'brush', 'backgroundColor', 'TextBox', '', '', 0, 'ACTIVE', '2016-12-23 17:38:23', 3, '2016-12-23 17:38:23', 3, '2016-12-24 00:38:23'),
	(383, 15, 'App\\Models\\FormItems', 'brush', 'backgroundImage', 'TextBox', '', '', 0, 'ACTIVE', '2016-12-23 17:38:23', 3, '2016-12-23 17:38:23', 3, '2016-12-24 00:38:23'),
	(384, 15, 'App\\Models\\FormItems', 'brush', 'foregroundColor', 'TextBox', '', '#000000', 0, 'ACTIVE', '2016-12-23 17:38:23', 3, '2016-12-23 17:38:23', 3, '2016-12-24 00:38:23'),
	(385, 15, 'App\\Models\\FormItems', 'text', 'size', 'TextBox', '', 'inherit', 0, 'ACTIVE', '2016-12-23 17:38:23', 3, '2016-12-23 17:38:23', 3, '2016-12-24 00:38:23'),
	(386, 15, 'App\\Models\\FormItems', 'text', 'weight', 'TextBox', '', 'inherit', 0, 'ACTIVE', '2016-12-23 17:38:23', 3, '2016-12-23 17:38:23', 3, '2016-12-24 00:38:23'),
	(387, 15, 'App\\Models\\FormItems', 'text', 'textDecoration', 'TextBox', '', 'inherit', 0, 'ACTIVE', '2016-12-23 17:38:23', 3, '2016-12-23 17:38:23', 3, '2016-12-24 00:38:23'),
	(388, 15, 'App\\Models\\FormItems', 'text', 'style', 'TextBox', '', 'inherit', 0, 'ACTIVE', '2016-12-23 17:38:23', 3, '2016-12-23 17:38:23', 3, '2016-12-24 00:38:23'),
	(389, 16, 'App\\Models\\FormItems', 'common', 'display', 'TextBox', '', '性别', 0, 'ACTIVE', '2016-12-23 17:38:23', 3, '2016-12-23 17:38:23', 3, '2016-12-24 00:38:23'),
	(390, 16, 'App\\Models\\FormItems', 'common', 'description', 'TextBox', '', '', 0, 'ACTIVE', '2016-12-23 17:38:23', 3, '2016-12-23 17:38:23', 3, '2016-12-24 00:38:23'),
	(391, 16, 'App\\Models\\FormItems', 'common', 'default_value', 'TextBox', '', '', 0, 'ACTIVE', '2016-12-23 17:38:23', 3, '2016-12-23 17:38:23', 3, '2016-12-24 00:38:23'),
	(392, 16, 'App\\Models\\FormItems', 'common', 'is_searchable', 'CheckBox', '', '', 0, 'ACTIVE', '2016-12-23 17:38:23', 3, '2016-12-23 17:38:23', 3, '2016-12-24 00:38:23'),
	(393, 16, 'App\\Models\\FormItems', 'common', 'is_show_in_list', 'CheckBox', '', '', 0, 'ACTIVE', '2016-12-23 17:38:23', 3, '2016-12-23 17:38:23', 3, '2016-12-24 00:38:23'),
	(394, 16, 'App\\Models\\FormItems', 'common', 'is_show_in_mobile_list', 'CheckBox', '', '', 0, 'ACTIVE', '2016-12-23 17:38:23', 3, '2016-12-23 17:38:23', 3, '2016-12-24 00:38:23'),
	(395, 16, 'App\\Models\\FormItems', 'common', 'sort_sequence', 'TextBox', '', '', 0, 'ACTIVE', '2016-12-23 17:38:23', 3, '2016-12-23 17:38:23', 3, '2016-12-24 00:38:23'),
	(396, 16, 'App\\Models\\FormItems', 'common', 'placeholder', 'TextBox', '', '', 0, 'ACTIVE', '2016-12-23 17:38:23', 3, '2016-12-23 17:38:23', 3, '2016-12-24 00:38:23'),
	(397, 16, 'App\\Models\\FormItems', 'common', 'tooltips', 'TextBox', '', '', 0, 'ACTIVE', '2016-12-23 17:38:23', 3, '2016-12-23 17:38:23', 3, '2016-12-24 00:38:23'),
	(398, 16, 'App\\Models\\FormItems', 'common', 'option', 'Textarea', '', '男\n女', 0, 'ACTIVE', '2016-12-23 17:38:23', 3, '2016-12-23 17:49:03', 3, '2016-12-24 00:49:03'),
	(399, 16, 'App\\Models\\FormItems', 'layout', 'width', 'TextBox', '', '', 0, 'ACTIVE', '2016-12-23 17:38:23', 3, '2016-12-23 17:38:23', 3, '2016-12-24 00:38:23'),
	(400, 16, 'App\\Models\\FormItems', 'layout', 'height', 'TextBox', '', '', 0, 'ACTIVE', '2016-12-23 17:38:23', 3, '2016-12-23 17:38:23', 3, '2016-12-24 00:38:23'),
	(401, 16, 'App\\Models\\FormItems', 'layout', 'horizontalAlignment', 'TextBox', '', 'left', 0, 'ACTIVE', '2016-12-23 17:38:23', 3, '2016-12-23 17:38:23', 3, '2016-12-24 00:38:23'),
	(402, 16, 'App\\Models\\FormItems', 'layout', 'verticalAlignment', 'TextBox', '', 'top', 0, 'ACTIVE', '2016-12-23 17:38:23', 3, '2016-12-23 17:38:23', 3, '2016-12-24 00:38:23'),
	(403, 16, 'App\\Models\\FormItems', 'layout', 'marginTop', 'TextBox', '', '0px', 0, 'ACTIVE', '2016-12-23 17:38:23', 3, '2016-12-23 17:38:23', 3, '2016-12-24 00:38:23'),
	(404, 16, 'App\\Models\\FormItems', 'layout', 'marginRight', 'TextBox', '', '0px', 0, 'ACTIVE', '2016-12-23 17:38:23', 3, '2016-12-23 17:38:23', 3, '2016-12-24 00:38:23'),
	(405, 16, 'App\\Models\\FormItems', 'layout', 'marginBottom', 'TextBox', '', '0px', 0, 'ACTIVE', '2016-12-23 17:38:23', 3, '2016-12-23 17:38:23', 3, '2016-12-24 00:38:23'),
	(406, 16, 'App\\Models\\FormItems', 'layout', 'marginLeft', 'TextBox', '', '0px', 0, 'ACTIVE', '2016-12-23 17:38:23', 3, '2016-12-23 17:38:23', 3, '2016-12-24 00:38:23'),
	(407, 16, 'App\\Models\\FormItems', 'brush', 'backgroundColor', 'TextBox', '', '', 0, 'ACTIVE', '2016-12-23 17:38:23', 3, '2016-12-23 17:38:23', 3, '2016-12-24 00:38:23'),
	(408, 16, 'App\\Models\\FormItems', 'brush', 'backgroundImage', 'TextBox', '', '', 0, 'ACTIVE', '2016-12-23 17:38:23', 3, '2016-12-23 17:38:23', 3, '2016-12-24 00:38:23'),
	(409, 16, 'App\\Models\\FormItems', 'brush', 'foregroundColor', 'TextBox', '', '#000000', 0, 'ACTIVE', '2016-12-23 17:38:23', 3, '2016-12-23 17:38:23', 3, '2016-12-24 00:38:23'),
	(410, 16, 'App\\Models\\FormItems', 'text', 'size', 'TextBox', '', 'inherit', 0, 'ACTIVE', '2016-12-23 17:38:23', 3, '2016-12-23 17:38:23', 3, '2016-12-24 00:38:23'),
	(411, 16, 'App\\Models\\FormItems', 'text', 'weight', 'TextBox', '', 'inherit', 0, 'ACTIVE', '2016-12-23 17:38:23', 3, '2016-12-23 17:38:23', 3, '2016-12-24 00:38:23'),
	(412, 16, 'App\\Models\\FormItems', 'text', 'textDecoration', 'TextBox', '', 'inherit', 0, 'ACTIVE', '2016-12-23 17:38:23', 3, '2016-12-23 17:38:23', 3, '2016-12-24 00:38:23'),
	(413, 16, 'App\\Models\\FormItems', 'text', 'style', 'TextBox', '', 'inherit', 0, 'ACTIVE', '2016-12-23 17:38:23', 3, '2016-12-23 17:38:23', 3, '2016-12-24 00:38:23'),
	(414, 17, 'App\\Models\\FormItems', 'common', 'display', 'TextBox', '', '出生日期', 0, 'ACTIVE', '2016-12-23 17:38:23', 3, '2016-12-23 17:38:23', 3, '2016-12-24 00:38:23'),
	(415, 17, 'App\\Models\\FormItems', 'common', 'description', 'TextBox', '', '', 0, 'ACTIVE', '2016-12-23 17:38:23', 3, '2016-12-23 17:38:23', 3, '2016-12-24 00:38:23'),
	(416, 17, 'App\\Models\\FormItems', 'common', 'default_value', 'TextBox', '', '', 0, 'ACTIVE', '2016-12-23 17:38:23', 3, '2016-12-23 17:38:23', 3, '2016-12-24 00:38:23'),
	(417, 17, 'App\\Models\\FormItems', 'common', 'is_searchable', 'CheckBox', '', '', 0, 'ACTIVE', '2016-12-23 17:38:23', 3, '2016-12-23 17:38:23', 3, '2016-12-24 00:38:23'),
	(418, 17, 'App\\Models\\FormItems', 'common', 'is_show_in_list', 'CheckBox', '', '', 0, 'ACTIVE', '2016-12-23 17:38:23', 3, '2016-12-23 17:38:23', 3, '2016-12-24 00:38:23'),
	(419, 17, 'App\\Models\\FormItems', 'common', 'is_show_in_mobile_list', 'CheckBox', '', '', 0, 'ACTIVE', '2016-12-23 17:38:23', 3, '2016-12-23 17:38:23', 3, '2016-12-24 00:38:23'),
	(420, 17, 'App\\Models\\FormItems', 'common', 'sort_sequence', 'TextBox', '', '', 0, 'ACTIVE', '2016-12-23 17:38:23', 3, '2016-12-23 17:38:23', 3, '2016-12-24 00:38:23'),
	(421, 17, 'App\\Models\\FormItems', 'common', 'placeholder', 'TextBox', '', '', 0, 'ACTIVE', '2016-12-23 17:38:23', 3, '2016-12-23 17:38:23', 3, '2016-12-24 00:38:23'),
	(422, 17, 'App\\Models\\FormItems', 'common', 'tooltips', 'TextBox', '', '', 0, 'ACTIVE', '2016-12-23 17:38:23', 3, '2016-12-23 17:38:23', 3, '2016-12-24 00:38:23'),
	(423, 17, 'App\\Models\\FormItems', 'layout', 'width', 'TextBox', '', '', 0, 'ACTIVE', '2016-12-23 17:38:23', 3, '2016-12-23 17:38:23', 3, '2016-12-24 00:38:23'),
	(424, 17, 'App\\Models\\FormItems', 'layout', 'height', 'TextBox', '', '', 0, 'ACTIVE', '2016-12-23 17:38:23', 3, '2016-12-23 17:38:23', 3, '2016-12-24 00:38:23'),
	(425, 17, 'App\\Models\\FormItems', 'layout', 'horizontalAlignment', 'TextBox', '', 'left', 0, 'ACTIVE', '2016-12-23 17:38:23', 3, '2016-12-23 17:38:23', 3, '2016-12-24 00:38:23'),
	(426, 17, 'App\\Models\\FormItems', 'layout', 'verticalAlignment', 'TextBox', '', 'top', 0, 'ACTIVE', '2016-12-23 17:38:23', 3, '2016-12-23 17:38:23', 3, '2016-12-24 00:38:23'),
	(427, 17, 'App\\Models\\FormItems', 'layout', 'marginTop', 'TextBox', '', '0px', 0, 'ACTIVE', '2016-12-23 17:38:23', 3, '2016-12-23 17:38:23', 3, '2016-12-24 00:38:23'),
	(428, 17, 'App\\Models\\FormItems', 'layout', 'marginRight', 'TextBox', '', '0px', 0, 'ACTIVE', '2016-12-23 17:38:23', 3, '2016-12-23 17:38:23', 3, '2016-12-24 00:38:23'),
	(429, 17, 'App\\Models\\FormItems', 'layout', 'marginBottom', 'TextBox', '', '0px', 0, 'ACTIVE', '2016-12-23 17:38:23', 3, '2016-12-23 17:38:23', 3, '2016-12-24 00:38:23'),
	(430, 17, 'App\\Models\\FormItems', 'layout', 'marginLeft', 'TextBox', '', '0px', 0, 'ACTIVE', '2016-12-23 17:38:23', 3, '2016-12-23 17:38:23', 3, '2016-12-24 00:38:23'),
	(431, 17, 'App\\Models\\FormItems', 'brush', 'backgroundColor', 'TextBox', '', '', 0, 'ACTIVE', '2016-12-23 17:38:23', 3, '2016-12-23 17:38:23', 3, '2016-12-24 00:38:23'),
	(432, 17, 'App\\Models\\FormItems', 'brush', 'backgroundImage', 'TextBox', '', '', 0, 'ACTIVE', '2016-12-23 17:38:23', 3, '2016-12-23 17:38:23', 3, '2016-12-24 00:38:23'),
	(433, 17, 'App\\Models\\FormItems', 'brush', 'foregroundColor', 'TextBox', '', '#000000', 0, 'ACTIVE', '2016-12-23 17:38:23', 3, '2016-12-23 17:38:23', 3, '2016-12-24 00:38:23'),
	(434, 17, 'App\\Models\\FormItems', 'text', 'size', 'TextBox', '', 'inherit', 0, 'ACTIVE', '2016-12-23 17:38:23', 3, '2016-12-23 17:38:23', 3, '2016-12-24 00:38:23'),
	(435, 17, 'App\\Models\\FormItems', 'text', 'weight', 'TextBox', '', 'inherit', 0, 'ACTIVE', '2016-12-23 17:38:23', 3, '2016-12-23 17:38:23', 3, '2016-12-24 00:38:23'),
	(436, 17, 'App\\Models\\FormItems', 'text', 'textDecoration', 'TextBox', '', 'inherit', 0, 'ACTIVE', '2016-12-23 17:38:23', 3, '2016-12-23 17:38:23', 3, '2016-12-24 00:38:23'),
	(437, 17, 'App\\Models\\FormItems', 'text', 'style', 'TextBox', '', 'inherit', 0, 'ACTIVE', '2016-12-23 17:38:23', 3, '2016-12-23 17:38:23', 3, '2016-12-24 00:38:23'),
	(438, 18, 'App\\Models\\FormItems', 'common', 'display', 'TextBox', '', '不能进行提交', 0, 'ACTIVE', '2016-12-23 17:38:23', 3, '2016-12-23 17:38:23', 3, '2016-12-24 00:38:23'),
	(439, 18, 'App\\Models\\FormItems', 'common', 'description', 'TextBox', '', '', 0, 'ACTIVE', '2016-12-23 17:38:23', 3, '2016-12-23 17:38:23', 3, '2016-12-24 00:38:23'),
	(440, 18, 'App\\Models\\FormItems', 'common', 'default_value', 'TextBox', '', '', 0, 'ACTIVE', '2016-12-23 17:38:23', 3, '2016-12-23 17:38:23', 3, '2016-12-24 00:38:23'),
	(441, 18, 'App\\Models\\FormItems', 'common', 'is_searchable', 'CheckBox', '', '', 0, 'ACTIVE', '2016-12-23 17:38:23', 3, '2016-12-23 17:38:23', 3, '2016-12-24 00:38:23'),
	(442, 18, 'App\\Models\\FormItems', 'common', 'is_show_in_list', 'CheckBox', '', '', 0, 'ACTIVE', '2016-12-23 17:38:23', 3, '2016-12-23 17:38:23', 3, '2016-12-24 00:38:23'),
	(443, 18, 'App\\Models\\FormItems', 'common', 'is_show_in_mobile_list', 'CheckBox', '', '', 0, 'ACTIVE', '2016-12-23 17:38:23', 3, '2016-12-23 17:38:23', 3, '2016-12-24 00:38:23'),
	(444, 18, 'App\\Models\\FormItems', 'common', 'sort_sequence', 'TextBox', '', '', 0, 'ACTIVE', '2016-12-23 17:38:23', 3, '2016-12-23 17:38:23', 3, '2016-12-24 00:38:23'),
	(445, 18, 'App\\Models\\FormItems', 'common', 'placeholder', 'TextBox', '', '', 0, 'ACTIVE', '2016-12-23 17:38:23', 3, '2016-12-23 17:38:23', 3, '2016-12-24 00:38:23'),
	(446, 18, 'App\\Models\\FormItems', 'common', 'tooltips', 'TextBox', '', '', 0, 'ACTIVE', '2016-12-23 17:38:23', 3, '2016-12-23 17:38:23', 3, '2016-12-24 00:38:23'),
	(447, 18, 'App\\Models\\FormItems', 'layout', 'width', 'TextBox', '', '100px', 0, 'ACTIVE', '2016-12-23 17:38:23', 3, '2016-12-23 17:38:23', 3, '2016-12-24 00:38:23'),
	(448, 18, 'App\\Models\\FormItems', 'layout', 'height', 'TextBox', '', '23px', 0, 'ACTIVE', '2016-12-23 17:38:23', 3, '2016-12-23 17:38:23', 3, '2016-12-24 00:38:23'),
	(449, 18, 'App\\Models\\FormItems', 'layout', 'horizontalAlignment', 'TextBox', '', 'left', 0, 'ACTIVE', '2016-12-23 17:38:23', 3, '2016-12-23 17:38:23', 3, '2016-12-24 00:38:23'),
	(450, 18, 'App\\Models\\FormItems', 'layout', 'verticalAlignment', 'TextBox', '', 'top', 0, 'ACTIVE', '2016-12-23 17:38:23', 3, '2016-12-23 17:38:23', 3, '2016-12-24 00:38:23'),
	(451, 18, 'App\\Models\\FormItems', 'layout', 'marginTop', 'TextBox', '', '0px', 0, 'ACTIVE', '2016-12-23 17:38:23', 3, '2016-12-23 17:38:23', 3, '2016-12-24 00:38:23'),
	(452, 18, 'App\\Models\\FormItems', 'layout', 'marginRight', 'TextBox', '', '0px', 0, 'ACTIVE', '2016-12-23 17:38:23', 3, '2016-12-23 17:38:23', 3, '2016-12-24 00:38:23'),
	(453, 18, 'App\\Models\\FormItems', 'layout', 'marginBottom', 'TextBox', '', '0px', 0, 'ACTIVE', '2016-12-23 17:38:23', 3, '2016-12-23 17:38:23', 3, '2016-12-24 00:38:23'),
	(454, 18, 'App\\Models\\FormItems', 'layout', 'marginLeft', 'TextBox', '', '0px', 0, 'ACTIVE', '2016-12-23 17:38:23', 3, '2016-12-23 17:38:23', 3, '2016-12-24 00:38:23'),
	(455, 18, 'App\\Models\\FormItems', 'brush', 'backgroundColor', 'TextBox', '', '', 0, 'ACTIVE', '2016-12-23 17:38:23', 3, '2016-12-23 17:38:23', 3, '2016-12-24 00:38:23'),
	(456, 18, 'App\\Models\\FormItems', 'brush', 'backgroundImage', 'TextBox', '', '', 0, 'ACTIVE', '2016-12-23 17:38:23', 3, '2016-12-23 17:38:23', 3, '2016-12-24 00:38:23'),
	(457, 18, 'App\\Models\\FormItems', 'brush', 'foregroundColor', 'TextBox', '', '#000000', 0, 'ACTIVE', '2016-12-23 17:38:23', 3, '2016-12-23 17:38:23', 3, '2016-12-24 00:38:23'),
	(458, 18, 'App\\Models\\FormItems', 'text', 'size', 'TextBox', '', 'inherit', 0, 'ACTIVE', '2016-12-23 17:38:23', 3, '2016-12-23 17:38:23', 3, '2016-12-24 00:38:23'),
	(459, 18, 'App\\Models\\FormItems', 'text', 'weight', 'TextBox', '', 'inherit', 0, 'ACTIVE', '2016-12-23 17:38:23', 3, '2016-12-23 17:38:23', 3, '2016-12-24 00:38:23'),
	(460, 18, 'App\\Models\\FormItems', 'text', 'textDecoration', 'TextBox', '', 'inherit', 0, 'ACTIVE', '2016-12-23 17:38:23', 3, '2016-12-23 17:38:23', 3, '2016-12-24 00:38:23'),
	(461, 18, 'App\\Models\\FormItems', 'text', 'style', 'TextBox', '', 'inherit', 0, 'ACTIVE', '2016-12-23 17:38:23', 3, '2016-12-23 17:38:23', 3, '2016-12-24 00:38:23'),
	(462, 19, 'App\\Models\\FormItems', 'common', 'display', 'TextBox', '', '备注', 0, 'ACTIVE', '2016-12-23 17:38:23', 3, '2016-12-23 17:38:23', 3, '2016-12-24 00:38:23'),
	(463, 19, 'App\\Models\\FormItems', 'common', 'description', 'TextBox', '', '', 0, 'ACTIVE', '2016-12-23 17:38:23', 3, '2016-12-23 17:38:23', 3, '2016-12-24 00:38:23'),
	(464, 19, 'App\\Models\\FormItems', 'common', 'default_value', 'TextBox', '', '', 0, 'ACTIVE', '2016-12-23 17:38:23', 3, '2016-12-23 17:38:23', 3, '2016-12-24 00:38:23'),
	(465, 19, 'App\\Models\\FormItems', 'common', 'is_searchable', 'CheckBox', '', '', 0, 'ACTIVE', '2016-12-23 17:38:23', 3, '2016-12-23 17:38:23', 3, '2016-12-24 00:38:23'),
	(466, 19, 'App\\Models\\FormItems', 'common', 'is_show_in_list', 'CheckBox', '', '', 0, 'ACTIVE', '2016-12-23 17:38:23', 3, '2016-12-23 17:38:23', 3, '2016-12-24 00:38:23'),
	(467, 19, 'App\\Models\\FormItems', 'common', 'is_show_in_mobile_list', 'CheckBox', '', '', 0, 'ACTIVE', '2016-12-23 17:38:23', 3, '2016-12-23 17:38:23', 3, '2016-12-24 00:38:23'),
	(468, 19, 'App\\Models\\FormItems', 'common', 'sort_sequence', 'TextBox', '', '', 0, 'ACTIVE', '2016-12-23 17:38:23', 3, '2016-12-23 17:38:23', 3, '2016-12-24 00:38:23'),
	(469, 19, 'App\\Models\\FormItems', 'common', 'placeholder', 'TextBox', '', '', 0, 'ACTIVE', '2016-12-23 17:38:23', 3, '2016-12-23 17:38:23', 3, '2016-12-24 00:38:23'),
	(470, 19, 'App\\Models\\FormItems', 'common', 'tooltips', 'TextBox', '', '', 0, 'ACTIVE', '2016-12-23 17:38:23', 3, '2016-12-23 17:38:23', 3, '2016-12-24 00:38:23'),
	(471, 19, 'App\\Models\\FormItems', 'layout', 'width', 'TextBox', '', '', 0, 'ACTIVE', '2016-12-23 17:38:23', 3, '2016-12-23 17:38:23', 3, '2016-12-24 00:38:23'),
	(472, 19, 'App\\Models\\FormItems', 'layout', 'height', 'TextBox', '', '80px', 0, 'ACTIVE', '2016-12-23 17:38:23', 3, '2016-12-23 17:38:23', 3, '2016-12-24 00:38:23'),
	(473, 19, 'App\\Models\\FormItems', 'layout', 'horizontalAlignment', 'TextBox', '', 'left', 0, 'ACTIVE', '2016-12-23 17:38:23', 3, '2016-12-23 17:38:23', 3, '2016-12-24 00:38:23'),
	(474, 19, 'App\\Models\\FormItems', 'layout', 'verticalAlignment', 'TextBox', '', 'top', 0, 'ACTIVE', '2016-12-23 17:38:23', 3, '2016-12-23 17:38:23', 3, '2016-12-24 00:38:23'),
	(475, 19, 'App\\Models\\FormItems', 'layout', 'marginTop', 'TextBox', '', '0px', 0, 'ACTIVE', '2016-12-23 17:38:23', 3, '2016-12-23 17:38:23', 3, '2016-12-24 00:38:23'),
	(476, 19, 'App\\Models\\FormItems', 'layout', 'marginRight', 'TextBox', '', '0px', 0, 'ACTIVE', '2016-12-23 17:38:23', 3, '2016-12-23 17:38:23', 3, '2016-12-24 00:38:23'),
	(477, 19, 'App\\Models\\FormItems', 'layout', 'marginBottom', 'TextBox', '', '0px', 0, 'ACTIVE', '2016-12-23 17:38:23', 3, '2016-12-23 17:38:23', 3, '2016-12-24 00:38:23'),
	(478, 19, 'App\\Models\\FormItems', 'layout', 'marginLeft', 'TextBox', '', '0px', 0, 'ACTIVE', '2016-12-23 17:38:23', 3, '2016-12-23 17:38:23', 3, '2016-12-24 00:38:23'),
	(479, 19, 'App\\Models\\FormItems', 'brush', 'backgroundColor', 'TextBox', '', '', 0, 'ACTIVE', '2016-12-23 17:38:23', 3, '2016-12-23 17:38:23', 3, '2016-12-24 00:38:23'),
	(480, 19, 'App\\Models\\FormItems', 'brush', 'backgroundImage', 'TextBox', '', '', 0, 'ACTIVE', '2016-12-23 17:38:23', 3, '2016-12-23 17:38:23', 3, '2016-12-24 00:38:23'),
	(481, 19, 'App\\Models\\FormItems', 'brush', 'foregroundColor', 'TextBox', '', '#000000', 0, 'ACTIVE', '2016-12-23 17:38:23', 3, '2016-12-23 17:38:23', 3, '2016-12-24 00:38:23'),
	(482, 19, 'App\\Models\\FormItems', 'text', 'size', 'TextBox', '', 'inherit', 0, 'ACTIVE', '2016-12-23 17:38:23', 3, '2016-12-23 17:38:23', 3, '2016-12-24 00:38:23'),
	(483, 19, 'App\\Models\\FormItems', 'text', 'weight', 'TextBox', '', 'inherit', 0, 'ACTIVE', '2016-12-23 17:38:23', 3, '2016-12-23 17:38:23', 3, '2016-12-24 00:38:23'),
	(484, 19, 'App\\Models\\FormItems', 'text', 'textDecoration', 'TextBox', '', 'inherit', 0, 'ACTIVE', '2016-12-23 17:38:23', 3, '2016-12-23 17:38:23', 3, '2016-12-24 00:38:23'),
	(485, 19, 'App\\Models\\FormItems', 'text', 'style', 'TextBox', '', 'inherit', 0, 'ACTIVE', '2016-12-23 17:38:23', 3, '2016-12-23 17:38:23', 3, '2016-12-24 00:38:23'),
	(486, 20, 'App\\Models\\FormItems', 'common', 'display', 'TextBox', '', '果子阶段情况', 0, 'ACTIVE', '2016-12-23 17:38:23', 3, '2016-12-23 17:38:23', 3, '2016-12-24 00:38:23'),
	(487, 20, 'App\\Models\\FormItems', 'common', 'description', 'TextBox', '', '', 0, 'ACTIVE', '2016-12-23 17:38:23', 3, '2016-12-23 17:38:23', 3, '2016-12-24 00:38:23'),
	(488, 20, 'App\\Models\\FormItems', 'common', 'default_value', 'TextBox', '', '', 0, 'ACTIVE', '2016-12-23 17:38:23', 3, '2016-12-23 17:38:23', 3, '2016-12-24 00:38:23'),
	(489, 20, 'App\\Models\\FormItems', 'common', 'is_searchable', 'CheckBox', '', '', 0, 'ACTIVE', '2016-12-23 17:38:23', 3, '2016-12-23 17:38:23', 3, '2016-12-24 00:38:23'),
	(490, 20, 'App\\Models\\FormItems', 'common', 'is_show_in_list', 'CheckBox', '', '', 0, 'ACTIVE', '2016-12-23 17:38:23', 3, '2016-12-23 17:38:23', 3, '2016-12-24 00:38:23'),
	(491, 20, 'App\\Models\\FormItems', 'common', 'is_show_in_mobile_list', 'CheckBox', '', '', 0, 'ACTIVE', '2016-12-23 17:38:23', 3, '2016-12-23 17:38:23', 3, '2016-12-24 00:38:23'),
	(492, 20, 'App\\Models\\FormItems', 'common', 'sort_sequence', 'TextBox', '', '', 0, 'ACTIVE', '2016-12-23 17:38:23', 3, '2016-12-23 17:38:23', 3, '2016-12-24 00:38:23'),
	(493, 20, 'App\\Models\\FormItems', 'common', 'placeholder', 'TextBox', '', '', 0, 'ACTIVE', '2016-12-23 17:38:23', 3, '2016-12-23 17:38:23', 3, '2016-12-24 00:38:23'),
	(494, 20, 'App\\Models\\FormItems', 'common', 'tooltips', 'TextBox', '', '', 0, 'ACTIVE', '2016-12-23 17:38:23', 3, '2016-12-23 17:38:23', 3, '2016-12-24 00:38:23'),
	(495, 20, 'App\\Models\\FormItems', 'layout', 'width', 'TextBox', '', '', 0, 'ACTIVE', '2016-12-23 17:38:23', 3, '2016-12-23 17:38:23', 3, '2016-12-24 00:38:23'),
	(496, 20, 'App\\Models\\FormItems', 'layout', 'height', 'TextBox', '', '', 0, 'ACTIVE', '2016-12-23 17:38:23', 3, '2016-12-23 17:38:23', 3, '2016-12-24 00:38:23'),
	(497, 20, 'App\\Models\\FormItems', 'layout', 'horizontalAlignment', 'TextBox', '', 'left', 0, 'ACTIVE', '2016-12-23 17:38:23', 3, '2016-12-23 17:38:23', 3, '2016-12-24 00:38:23'),
	(498, 20, 'App\\Models\\FormItems', 'layout', 'verticalAlignment', 'TextBox', '', 'top', 0, 'ACTIVE', '2016-12-23 17:38:23', 3, '2016-12-23 17:38:23', 3, '2016-12-24 00:38:23'),
	(499, 20, 'App\\Models\\FormItems', 'layout', 'marginTop', 'TextBox', '', '0px', 0, 'ACTIVE', '2016-12-23 17:38:23', 3, '2016-12-23 17:38:23', 3, '2016-12-24 00:38:23'),
	(500, 20, 'App\\Models\\FormItems', 'layout', 'marginRight', 'TextBox', '', '0px', 0, 'ACTIVE', '2016-12-23 17:38:23', 3, '2016-12-23 17:38:23', 3, '2016-12-24 00:38:23'),
	(501, 20, 'App\\Models\\FormItems', 'layout', 'marginBottom', 'TextBox', '', '0px', 0, 'ACTIVE', '2016-12-23 17:38:23', 3, '2016-12-23 17:38:23', 3, '2016-12-24 00:38:23'),
	(502, 20, 'App\\Models\\FormItems', 'layout', 'marginLeft', 'TextBox', '', '0px', 0, 'ACTIVE', '2016-12-23 17:38:23', 3, '2016-12-23 17:38:23', 3, '2016-12-24 00:38:23'),
	(503, 20, 'App\\Models\\FormItems', 'brush', 'backgroundColor', 'TextBox', '', '', 0, 'ACTIVE', '2016-12-23 17:38:23', 3, '2016-12-23 17:38:23', 3, '2016-12-24 00:38:23'),
	(504, 20, 'App\\Models\\FormItems', 'brush', 'backgroundImage', 'TextBox', '', '', 0, 'ACTIVE', '2016-12-23 17:38:23', 3, '2016-12-23 17:38:23', 3, '2016-12-24 00:38:23'),
	(505, 20, 'App\\Models\\FormItems', 'brush', 'foregroundColor', 'TextBox', '', '#000000', 0, 'ACTIVE', '2016-12-23 17:38:23', 3, '2016-12-23 17:38:23', 3, '2016-12-24 00:38:23'),
	(506, 20, 'App\\Models\\FormItems', 'text', 'size', 'TextBox', '', 'inherit', 0, 'ACTIVE', '2016-12-23 17:38:23', 3, '2016-12-23 17:38:23', 3, '2016-12-24 00:38:23'),
	(507, 20, 'App\\Models\\FormItems', 'text', 'weight', 'TextBox', '', 'inherit', 0, 'ACTIVE', '2016-12-23 17:38:23', 3, '2016-12-23 17:38:23', 3, '2016-12-24 00:38:23'),
	(508, 20, 'App\\Models\\FormItems', 'text', 'textDecoration', 'TextBox', '', 'inherit', 0, 'ACTIVE', '2016-12-23 17:38:23', 3, '2016-12-23 17:38:23', 3, '2016-12-24 00:38:23'),
	(509, 20, 'App\\Models\\FormItems', 'text', 'style', 'TextBox', '', 'inherit', 0, 'ACTIVE', '2016-12-23 17:38:23', 3, '2016-12-23 17:38:23', 3, '2016-12-24 00:38:23'),
	(510, 21, 'App\\Models\\FormItems', 'common', 'display', 'TextBox', '', '不做跟进-原因：', 0, 'ACTIVE', '2016-12-23 17:38:23', 3, '2016-12-23 17:38:23', 3, '2016-12-24 00:38:23'),
	(511, 21, 'App\\Models\\FormItems', 'common', 'description', 'TextBox', '', '', 0, 'ACTIVE', '2016-12-23 17:38:23', 3, '2016-12-23 17:38:23', 3, '2016-12-24 00:38:23'),
	(512, 21, 'App\\Models\\FormItems', 'common', 'default_value', 'TextBox', '', '', 0, 'ACTIVE', '2016-12-23 17:38:23', 3, '2016-12-23 17:38:23', 3, '2016-12-24 00:38:23'),
	(513, 21, 'App\\Models\\FormItems', 'common', 'is_searchable', 'CheckBox', '', '', 0, 'ACTIVE', '2016-12-23 17:38:23', 3, '2016-12-23 17:38:23', 3, '2016-12-24 00:38:23'),
	(514, 21, 'App\\Models\\FormItems', 'common', 'is_show_in_list', 'CheckBox', '', '', 0, 'ACTIVE', '2016-12-23 17:38:23', 3, '2016-12-23 17:38:23', 3, '2016-12-24 00:38:23'),
	(515, 21, 'App\\Models\\FormItems', 'common', 'is_show_in_mobile_list', 'CheckBox', '', '', 0, 'ACTIVE', '2016-12-23 17:38:23', 3, '2016-12-23 17:38:23', 3, '2016-12-24 00:38:23'),
	(516, 21, 'App\\Models\\FormItems', 'common', 'sort_sequence', 'TextBox', '', '', 0, 'ACTIVE', '2016-12-23 17:38:23', 3, '2016-12-23 17:38:23', 3, '2016-12-24 00:38:23'),
	(517, 21, 'App\\Models\\FormItems', 'common', 'placeholder', 'TextBox', '', '', 0, 'ACTIVE', '2016-12-23 17:38:23', 3, '2016-12-23 17:38:23', 3, '2016-12-24 00:38:23'),
	(518, 21, 'App\\Models\\FormItems', 'common', 'tooltips', 'TextBox', '', '', 0, 'ACTIVE', '2016-12-23 17:38:23', 3, '2016-12-23 17:38:23', 3, '2016-12-24 00:38:23'),
	(519, 21, 'App\\Models\\FormItems', 'layout', 'width', 'TextBox', '', '', 0, 'ACTIVE', '2016-12-23 17:38:23', 3, '2016-12-23 17:38:23', 3, '2016-12-24 00:38:23'),
	(520, 21, 'App\\Models\\FormItems', 'layout', 'height', 'TextBox', '', '80px', 0, 'ACTIVE', '2016-12-23 17:38:23', 3, '2016-12-23 17:38:23', 3, '2016-12-24 00:38:23'),
	(521, 21, 'App\\Models\\FormItems', 'layout', 'horizontalAlignment', 'TextBox', '', 'left', 0, 'ACTIVE', '2016-12-23 17:38:23', 3, '2016-12-23 17:38:23', 3, '2016-12-24 00:38:23'),
	(522, 21, 'App\\Models\\FormItems', 'layout', 'verticalAlignment', 'TextBox', '', 'top', 0, 'ACTIVE', '2016-12-23 17:38:23', 3, '2016-12-23 17:38:23', 3, '2016-12-24 00:38:23'),
	(523, 21, 'App\\Models\\FormItems', 'layout', 'marginTop', 'TextBox', '', '0px', 0, 'ACTIVE', '2016-12-23 17:38:23', 3, '2016-12-23 17:38:23', 3, '2016-12-24 00:38:23'),
	(524, 21, 'App\\Models\\FormItems', 'layout', 'marginRight', 'TextBox', '', '0px', 0, 'ACTIVE', '2016-12-23 17:38:23', 3, '2016-12-23 17:38:23', 3, '2016-12-24 00:38:23'),
	(525, 21, 'App\\Models\\FormItems', 'layout', 'marginBottom', 'TextBox', '', '0px', 0, 'ACTIVE', '2016-12-23 17:38:24', 3, '2016-12-23 17:38:24', 3, '2016-12-24 00:38:23'),
	(526, 21, 'App\\Models\\FormItems', 'layout', 'marginLeft', 'TextBox', '', '0px', 0, 'ACTIVE', '2016-12-23 17:38:24', 3, '2016-12-23 17:38:24', 3, '2016-12-24 00:38:24'),
	(527, 21, 'App\\Models\\FormItems', 'brush', 'backgroundColor', 'TextBox', '', '', 0, 'ACTIVE', '2016-12-23 17:38:24', 3, '2016-12-23 17:38:24', 3, '2016-12-24 00:38:24'),
	(528, 21, 'App\\Models\\FormItems', 'brush', 'backgroundImage', 'TextBox', '', '', 0, 'ACTIVE', '2016-12-23 17:38:24', 3, '2016-12-23 17:38:24', 3, '2016-12-24 00:38:24'),
	(529, 21, 'App\\Models\\FormItems', 'brush', 'foregroundColor', 'TextBox', '', '#000000', 0, 'ACTIVE', '2016-12-23 17:38:24', 3, '2016-12-23 17:38:24', 3, '2016-12-24 00:38:24'),
	(530, 21, 'App\\Models\\FormItems', 'text', 'size', 'TextBox', '', 'inherit', 0, 'ACTIVE', '2016-12-23 17:38:24', 3, '2016-12-23 17:38:24', 3, '2016-12-24 00:38:24'),
	(531, 21, 'App\\Models\\FormItems', 'text', 'weight', 'TextBox', '', 'inherit', 0, 'ACTIVE', '2016-12-23 17:38:24', 3, '2016-12-23 17:38:24', 3, '2016-12-24 00:38:24'),
	(532, 21, 'App\\Models\\FormItems', 'text', 'textDecoration', 'TextBox', '', 'inherit', 0, 'ACTIVE', '2016-12-23 17:38:24', 3, '2016-12-23 17:38:24', 3, '2016-12-24 00:38:24'),
	(533, 21, 'App\\Models\\FormItems', 'text', 'style', 'TextBox', '', 'inherit', 0, 'ACTIVE', '2016-12-23 17:38:24', 3, '2016-12-23 17:38:24', 3, '2016-12-24 00:38:24'),
	(534, 2, 'App\\Models\\Forms', 'common', 'display', 'TextBox', '', 'new form', 0, 'ACTIVE', '2016-12-24 11:43:53', 3, '2016-12-24 11:43:53', 3, '2016-12-24 18:43:53'),
	(535, 2, 'App\\Models\\Forms', 'common', 'description', 'TextBox', '', '', 0, 'ACTIVE', '2016-12-24 11:43:53', 3, '2016-12-24 11:43:53', 3, '2016-12-24 18:43:53'),
	(536, 2, 'App\\Models\\Forms', 'common', 'default_value', 'TextBox', '', '', 0, 'ACTIVE', '2016-12-24 11:43:53', 3, '2016-12-24 11:43:53', 3, '2016-12-24 18:43:53'),
	(537, 2, 'App\\Models\\Forms', 'common', 'is_searchable', 'CheckBox', '', '', 0, 'ACTIVE', '2016-12-24 11:43:53', 3, '2016-12-24 11:43:53', 3, '2016-12-24 18:43:53'),
	(538, 2, 'App\\Models\\Forms', 'common', 'is_show_in_list', 'CheckBox', '', '', 0, 'ACTIVE', '2016-12-24 11:43:53', 3, '2016-12-24 11:43:53', 3, '2016-12-24 18:43:53'),
	(539, 2, 'App\\Models\\Forms', 'common', 'is_show_in_mobile_list', 'CheckBox', '', '', 0, 'ACTIVE', '2016-12-24 11:43:53', 3, '2016-12-24 11:43:53', 3, '2016-12-24 18:43:53'),
	(540, 2, 'App\\Models\\Forms', 'common', 'sort_sequence', 'TextBox', '', '', 0, 'ACTIVE', '2016-12-24 11:43:53', 3, '2016-12-24 11:43:53', 3, '2016-12-24 18:43:53'),
	(541, 2, 'App\\Models\\Forms', 'common', 'placeholder', 'TextBox', '', '', 0, 'ACTIVE', '2016-12-24 11:43:53', 3, '2016-12-24 11:43:53', 3, '2016-12-24 18:43:53'),
	(542, 2, 'App\\Models\\Forms', 'common', 'tooltips', 'TextBox', '', '', 0, 'ACTIVE', '2016-12-24 11:43:53', 3, '2016-12-24 11:43:53', 3, '2016-12-24 18:43:53'),
	(543, 2, 'App\\Models\\Forms', 'layout', 'width', 'TextBox', '', '', 0, 'ACTIVE', '2016-12-24 11:43:53', 3, '2016-12-24 11:43:53', 3, '2016-12-24 18:43:53'),
	(544, 2, 'App\\Models\\Forms', 'layout', 'height', 'TextBox', '', '', 0, 'ACTIVE', '2016-12-24 11:43:53', 3, '2016-12-24 11:43:53', 3, '2016-12-24 18:43:53'),
	(545, 2, 'App\\Models\\Forms', 'layout', 'horizontalAlignment', 'TextBox', '', 'left', 0, 'ACTIVE', '2016-12-24 11:43:53', 3, '2016-12-24 11:43:53', 3, '2016-12-24 18:43:53'),
	(546, 2, 'App\\Models\\Forms', 'layout', 'verticalAlignment', 'TextBox', '', 'top', 0, 'ACTIVE', '2016-12-24 11:43:53', 3, '2016-12-24 11:43:53', 3, '2016-12-24 18:43:53'),
	(547, 2, 'App\\Models\\Forms', 'layout', 'marginTop', 'TextBox', '', '0px', 0, 'ACTIVE', '2016-12-24 11:43:53', 3, '2016-12-24 11:43:53', 3, '2016-12-24 18:43:53'),
	(548, 2, 'App\\Models\\Forms', 'layout', 'marginRight', 'TextBox', '', '0px', 0, 'ACTIVE', '2016-12-24 11:43:53', 3, '2016-12-24 11:43:53', 3, '2016-12-24 18:43:53'),
	(549, 2, 'App\\Models\\Forms', 'layout', 'marginBottom', 'TextBox', '', '0px', 0, 'ACTIVE', '2016-12-24 11:43:53', 3, '2016-12-24 11:43:53', 3, '2016-12-24 18:43:53'),
	(550, 2, 'App\\Models\\Forms', 'layout', 'marginLeft', 'TextBox', '', '0px', 0, 'ACTIVE', '2016-12-24 11:43:53', 3, '2016-12-24 11:43:53', 3, '2016-12-24 18:43:53'),
	(551, 2, 'App\\Models\\Forms', 'brush', 'backgroundColor', 'TextBox', '', '', 0, 'ACTIVE', '2016-12-24 11:43:53', 3, '2016-12-24 11:43:53', 3, '2016-12-24 18:43:53'),
	(552, 2, 'App\\Models\\Forms', 'brush', 'backgroundImage', 'TextBox', '', '', 0, 'ACTIVE', '2016-12-24 11:43:53', 3, '2016-12-24 11:43:53', 3, '2016-12-24 18:43:53'),
	(553, 2, 'App\\Models\\Forms', 'brush', 'foregroundColor', 'TextBox', '', '#000000', 0, 'ACTIVE', '2016-12-24 11:43:53', 3, '2016-12-24 11:43:53', 3, '2016-12-24 18:43:53'),
	(554, 2, 'App\\Models\\Forms', 'text', 'size', 'TextBox', '', 'inherit', 0, 'ACTIVE', '2016-12-24 11:43:53', 3, '2016-12-24 11:43:53', 3, '2016-12-24 18:43:53'),
	(555, 2, 'App\\Models\\Forms', 'text', 'weight', 'TextBox', '', 'inherit', 0, 'ACTIVE', '2016-12-24 11:43:53', 3, '2016-12-24 11:43:53', 3, '2016-12-24 18:43:53'),
	(556, 2, 'App\\Models\\Forms', 'text', 'textDecoration', 'TextBox', '', 'inherit', 0, 'ACTIVE', '2016-12-24 11:43:53', 3, '2016-12-24 11:43:53', 3, '2016-12-24 18:43:53'),
	(557, 2, 'App\\Models\\Forms', 'text', 'style', 'TextBox', '', 'inherit', 0, 'ACTIVE', '2016-12-24 11:43:53', 3, '2016-12-24 11:43:53', 3, '2016-12-24 18:43:53'),
	(558, 22, 'App\\Models\\FormItems', 'common', 'display', 'TextBox', '', '單行文字', 0, 'ACTIVE', '2016-12-24 11:43:53', 3, '2016-12-24 11:43:53', 3, '2016-12-24 18:43:53'),
	(559, 22, 'App\\Models\\FormItems', 'common', 'description', 'TextBox', '', '', 0, 'ACTIVE', '2016-12-24 11:43:53', 3, '2016-12-24 11:43:53', 3, '2016-12-24 18:43:53'),
	(560, 22, 'App\\Models\\FormItems', 'common', 'default_value', 'TextBox', '', '', 0, 'ACTIVE', '2016-12-24 11:43:53', 3, '2016-12-24 11:43:53', 3, '2016-12-24 18:43:53'),
	(561, 22, 'App\\Models\\FormItems', 'common', 'is_searchable', 'CheckBox', '', '', 0, 'ACTIVE', '2016-12-24 11:43:53', 3, '2016-12-24 11:43:53', 3, '2016-12-24 18:43:53'),
	(562, 22, 'App\\Models\\FormItems', 'common', 'is_show_in_list', 'CheckBox', '', '', 0, 'ACTIVE', '2016-12-24 11:43:53', 3, '2016-12-24 11:43:53', 3, '2016-12-24 18:43:53'),
	(563, 22, 'App\\Models\\FormItems', 'common', 'is_show_in_mobile_list', 'CheckBox', '', '', 0, 'ACTIVE', '2016-12-24 11:43:53', 3, '2016-12-24 11:43:53', 3, '2016-12-24 18:43:53'),
	(564, 22, 'App\\Models\\FormItems', 'common', 'sort_sequence', 'TextBox', '', '', 0, 'ACTIVE', '2016-12-24 11:43:53', 3, '2016-12-24 11:43:53', 3, '2016-12-24 18:43:53'),
	(565, 22, 'App\\Models\\FormItems', 'common', 'placeholder', 'TextBox', '', '', 0, 'ACTIVE', '2016-12-24 11:43:53', 3, '2016-12-24 11:43:53', 3, '2016-12-24 18:43:53'),
	(566, 22, 'App\\Models\\FormItems', 'common', 'tooltips', 'TextBox', '', '', 0, 'ACTIVE', '2016-12-24 11:43:53', 3, '2016-12-24 11:43:53', 3, '2016-12-24 18:43:53'),
	(567, 22, 'App\\Models\\FormItems', 'layout', 'width', 'TextBox', '', '', 0, 'ACTIVE', '2016-12-24 11:43:53', 3, '2016-12-24 11:43:53', 3, '2016-12-24 18:43:53'),
	(568, 22, 'App\\Models\\FormItems', 'layout', 'height', 'TextBox', '', '', 0, 'ACTIVE', '2016-12-24 11:43:53', 3, '2016-12-24 11:43:53', 3, '2016-12-24 18:43:53'),
	(569, 22, 'App\\Models\\FormItems', 'layout', 'horizontalAlignment', 'TextBox', '', 'left', 0, 'ACTIVE', '2016-12-24 11:43:53', 3, '2016-12-24 11:43:53', 3, '2016-12-24 18:43:53'),
	(570, 22, 'App\\Models\\FormItems', 'layout', 'verticalAlignment', 'TextBox', '', 'top', 0, 'ACTIVE', '2016-12-24 11:43:53', 3, '2016-12-24 11:43:53', 3, '2016-12-24 18:43:53'),
	(571, 22, 'App\\Models\\FormItems', 'layout', 'marginTop', 'TextBox', '', '0px', 0, 'ACTIVE', '2016-12-24 11:43:53', 3, '2016-12-24 11:43:53', 3, '2016-12-24 18:43:53'),
	(572, 22, 'App\\Models\\FormItems', 'layout', 'marginRight', 'TextBox', '', '0px', 0, 'ACTIVE', '2016-12-24 11:43:53', 3, '2016-12-24 11:43:53', 3, '2016-12-24 18:43:53'),
	(573, 22, 'App\\Models\\FormItems', 'layout', 'marginBottom', 'TextBox', '', '0px', 0, 'ACTIVE', '2016-12-24 11:43:53', 3, '2016-12-24 11:43:53', 3, '2016-12-24 18:43:53'),
	(574, 22, 'App\\Models\\FormItems', 'layout', 'marginLeft', 'TextBox', '', '0px', 0, 'ACTIVE', '2016-12-24 11:43:53', 3, '2016-12-24 11:43:53', 3, '2016-12-24 18:43:53'),
	(575, 22, 'App\\Models\\FormItems', 'brush', 'backgroundColor', 'TextBox', '', '', 0, 'ACTIVE', '2016-12-24 11:43:53', 3, '2016-12-24 11:43:53', 3, '2016-12-24 18:43:53'),
	(576, 22, 'App\\Models\\FormItems', 'brush', 'backgroundImage', 'TextBox', '', '', 0, 'ACTIVE', '2016-12-24 11:43:53', 3, '2016-12-24 11:43:53', 3, '2016-12-24 18:43:53'),
	(577, 22, 'App\\Models\\FormItems', 'brush', 'foregroundColor', 'TextBox', '', '#000000', 0, 'ACTIVE', '2016-12-24 11:43:53', 3, '2016-12-24 11:43:53', 3, '2016-12-24 18:43:53'),
	(578, 22, 'App\\Models\\FormItems', 'text', 'size', 'TextBox', '', 'inherit', 0, 'ACTIVE', '2016-12-24 11:43:53', 3, '2016-12-24 11:43:53', 3, '2016-12-24 18:43:53'),
	(579, 22, 'App\\Models\\FormItems', 'text', 'weight', 'TextBox', '', 'inherit', 0, 'ACTIVE', '2016-12-24 11:43:53', 3, '2016-12-24 11:43:53', 3, '2016-12-24 18:43:53'),
	(580, 22, 'App\\Models\\FormItems', 'text', 'textDecoration', 'TextBox', '', 'inherit', 0, 'ACTIVE', '2016-12-24 11:43:53', 3, '2016-12-24 11:43:53', 3, '2016-12-24 18:43:53'),
	(581, 22, 'App\\Models\\FormItems', 'text', 'style', 'TextBox', '', 'inherit', 0, 'ACTIVE', '2016-12-24 11:43:53', 3, '2016-12-24 11:43:53', 3, '2016-12-24 18:43:53'),
	(582, 23, 'App\\Models\\FormItems', 'common', 'display', 'TextBox', '', '日期', 0, 'ACTIVE', '2016-12-24 11:43:53', 3, '2016-12-24 11:43:53', 3, '2016-12-24 18:43:53'),
	(583, 23, 'App\\Models\\FormItems', 'common', 'description', 'TextBox', '', '', 0, 'ACTIVE', '2016-12-24 11:43:53', 3, '2016-12-24 11:43:53', 3, '2016-12-24 18:43:53'),
	(584, 23, 'App\\Models\\FormItems', 'common', 'default_value', 'TextBox', '', '', 0, 'ACTIVE', '2016-12-24 11:43:53', 3, '2016-12-24 11:43:53', 3, '2016-12-24 18:43:53'),
	(585, 23, 'App\\Models\\FormItems', 'common', 'is_searchable', 'CheckBox', '', '', 0, 'ACTIVE', '2016-12-24 11:43:53', 3, '2016-12-24 11:43:53', 3, '2016-12-24 18:43:53'),
	(586, 23, 'App\\Models\\FormItems', 'common', 'is_show_in_list', 'CheckBox', '', '', 0, 'ACTIVE', '2016-12-24 11:43:53', 3, '2016-12-24 11:43:53', 3, '2016-12-24 18:43:53'),
	(587, 23, 'App\\Models\\FormItems', 'common', 'is_show_in_mobile_list', 'CheckBox', '', '', 0, 'ACTIVE', '2016-12-24 11:43:53', 3, '2016-12-24 11:43:53', 3, '2016-12-24 18:43:53'),
	(588, 23, 'App\\Models\\FormItems', 'common', 'sort_sequence', 'TextBox', '', '', 0, 'ACTIVE', '2016-12-24 11:43:53', 3, '2016-12-24 11:43:53', 3, '2016-12-24 18:43:53'),
	(589, 23, 'App\\Models\\FormItems', 'common', 'placeholder', 'TextBox', '', '', 0, 'ACTIVE', '2016-12-24 11:43:53', 3, '2016-12-24 11:43:53', 3, '2016-12-24 18:43:53'),
	(590, 23, 'App\\Models\\FormItems', 'common', 'tooltips', 'TextBox', '', '', 0, 'ACTIVE', '2016-12-24 11:43:53', 3, '2016-12-24 11:43:53', 3, '2016-12-24 18:43:53'),
	(591, 23, 'App\\Models\\FormItems', 'layout', 'width', 'TextBox', '', '', 0, 'ACTIVE', '2016-12-24 11:43:53', 3, '2016-12-24 11:43:53', 3, '2016-12-24 18:43:53'),
	(592, 23, 'App\\Models\\FormItems', 'layout', 'height', 'TextBox', '', '', 0, 'ACTIVE', '2016-12-24 11:43:53', 3, '2016-12-24 11:43:53', 3, '2016-12-24 18:43:53'),
	(593, 23, 'App\\Models\\FormItems', 'layout', 'horizontalAlignment', 'TextBox', '', 'left', 0, 'ACTIVE', '2016-12-24 11:43:53', 3, '2016-12-24 11:43:53', 3, '2016-12-24 18:43:53'),
	(594, 23, 'App\\Models\\FormItems', 'layout', 'verticalAlignment', 'TextBox', '', 'top', 0, 'ACTIVE', '2016-12-24 11:43:53', 3, '2016-12-24 11:43:53', 3, '2016-12-24 18:43:53'),
	(595, 23, 'App\\Models\\FormItems', 'layout', 'marginTop', 'TextBox', '', '0px', 0, 'ACTIVE', '2016-12-24 11:43:53', 3, '2016-12-24 11:43:53', 3, '2016-12-24 18:43:53'),
	(596, 23, 'App\\Models\\FormItems', 'layout', 'marginRight', 'TextBox', '', '0px', 0, 'ACTIVE', '2016-12-24 11:43:53', 3, '2016-12-24 11:43:53', 3, '2016-12-24 18:43:53'),
	(597, 23, 'App\\Models\\FormItems', 'layout', 'marginBottom', 'TextBox', '', '0px', 0, 'ACTIVE', '2016-12-24 11:43:53', 3, '2016-12-24 11:43:53', 3, '2016-12-24 18:43:53'),
	(598, 23, 'App\\Models\\FormItems', 'layout', 'marginLeft', 'TextBox', '', '0px', 0, 'ACTIVE', '2016-12-24 11:43:53', 3, '2016-12-24 11:43:53', 3, '2016-12-24 18:43:53'),
	(599, 23, 'App\\Models\\FormItems', 'brush', 'backgroundColor', 'TextBox', '', '', 0, 'ACTIVE', '2016-12-24 11:43:53', 3, '2016-12-24 11:43:53', 3, '2016-12-24 18:43:53'),
	(600, 23, 'App\\Models\\FormItems', 'brush', 'backgroundImage', 'TextBox', '', '', 0, 'ACTIVE', '2016-12-24 11:43:53', 3, '2016-12-24 11:43:53', 3, '2016-12-24 18:43:53'),
	(601, 23, 'App\\Models\\FormItems', 'brush', 'foregroundColor', 'TextBox', '', '#000000', 0, 'ACTIVE', '2016-12-24 11:43:53', 3, '2016-12-24 11:43:53', 3, '2016-12-24 18:43:53'),
	(602, 23, 'App\\Models\\FormItems', 'text', 'size', 'TextBox', '', 'inherit', 0, 'ACTIVE', '2016-12-24 11:43:53', 3, '2016-12-24 11:43:53', 3, '2016-12-24 18:43:53'),
	(603, 23, 'App\\Models\\FormItems', 'text', 'weight', 'TextBox', '', 'inherit', 0, 'ACTIVE', '2016-12-24 11:43:53', 3, '2016-12-24 11:43:53', 3, '2016-12-24 18:43:53'),
	(604, 23, 'App\\Models\\FormItems', 'text', 'textDecoration', 'TextBox', '', 'inherit', 0, 'ACTIVE', '2016-12-24 11:43:53', 3, '2016-12-24 11:43:53', 3, '2016-12-24 18:43:53'),
	(605, 23, 'App\\Models\\FormItems', 'text', 'style', 'TextBox', '', 'inherit', 0, 'ACTIVE', '2016-12-24 11:43:53', 3, '2016-12-24 11:43:53', 3, '2016-12-24 18:43:53'),
	(606, 3, 'App\\Models\\Forms', 'common', 'display', 'TextBox', '', 'new form', 0, 'ACTIVE', '2016-12-24 12:14:17', 3, '2016-12-24 12:14:17', 3, '2016-12-24 19:14:17'),
	(607, 3, 'App\\Models\\Forms', 'common', 'description', 'TextBox', '', '', 0, 'ACTIVE', '2016-12-24 12:14:17', 3, '2016-12-24 12:14:17', 3, '2016-12-24 19:14:17'),
	(608, 3, 'App\\Models\\Forms', 'common', 'default_value', 'TextBox', '', '', 0, 'ACTIVE', '2016-12-24 12:14:17', 3, '2016-12-24 12:14:17', 3, '2016-12-24 19:14:17'),
	(609, 3, 'App\\Models\\Forms', 'common', 'is_searchable', 'CheckBox', '', '', 0, 'ACTIVE', '2016-12-24 12:14:17', 3, '2016-12-24 12:14:17', 3, '2016-12-24 19:14:17'),
	(610, 3, 'App\\Models\\Forms', 'common', 'is_show_in_list', 'CheckBox', '', '', 0, 'ACTIVE', '2016-12-24 12:14:17', 3, '2016-12-24 12:14:17', 3, '2016-12-24 19:14:17'),
	(611, 3, 'App\\Models\\Forms', 'common', 'is_show_in_mobile_list', 'CheckBox', '', '', 0, 'ACTIVE', '2016-12-24 12:14:17', 3, '2016-12-24 12:14:17', 3, '2016-12-24 19:14:17'),
	(612, 3, 'App\\Models\\Forms', 'common', 'sort_sequence', 'TextBox', '', '', 0, 'ACTIVE', '2016-12-24 12:14:17', 3, '2016-12-24 12:14:17', 3, '2016-12-24 19:14:17'),
	(613, 3, 'App\\Models\\Forms', 'common', 'placeholder', 'TextBox', '', '', 0, 'ACTIVE', '2016-12-24 12:14:17', 3, '2016-12-24 12:14:17', 3, '2016-12-24 19:14:17'),
	(614, 3, 'App\\Models\\Forms', 'common', 'tooltips', 'TextBox', '', '', 0, 'ACTIVE', '2016-12-24 12:14:17', 3, '2016-12-24 12:14:17', 3, '2016-12-24 19:14:17'),
	(615, 3, 'App\\Models\\Forms', 'layout', 'width', 'TextBox', '', '', 0, 'ACTIVE', '2016-12-24 12:14:17', 3, '2016-12-24 12:14:17', 3, '2016-12-24 19:14:17'),
	(616, 3, 'App\\Models\\Forms', 'layout', 'height', 'TextBox', '', '', 0, 'ACTIVE', '2016-12-24 12:14:17', 3, '2016-12-24 12:14:17', 3, '2016-12-24 19:14:17'),
	(617, 3, 'App\\Models\\Forms', 'layout', 'horizontalAlignment', 'TextBox', '', 'left', 0, 'ACTIVE', '2016-12-24 12:14:17', 3, '2016-12-24 12:14:17', 3, '2016-12-24 19:14:17'),
	(618, 3, 'App\\Models\\Forms', 'layout', 'verticalAlignment', 'TextBox', '', 'top', 0, 'ACTIVE', '2016-12-24 12:14:17', 3, '2016-12-24 12:14:17', 3, '2016-12-24 19:14:17'),
	(619, 3, 'App\\Models\\Forms', 'layout', 'marginTop', 'TextBox', '', '0px', 0, 'ACTIVE', '2016-12-24 12:14:17', 3, '2016-12-24 12:14:17', 3, '2016-12-24 19:14:17'),
	(620, 3, 'App\\Models\\Forms', 'layout', 'marginRight', 'TextBox', '', '0px', 0, 'ACTIVE', '2016-12-24 12:14:17', 3, '2016-12-24 12:14:17', 3, '2016-12-24 19:14:17'),
	(621, 3, 'App\\Models\\Forms', 'layout', 'marginBottom', 'TextBox', '', '0px', 0, 'ACTIVE', '2016-12-24 12:14:17', 3, '2016-12-24 12:14:17', 3, '2016-12-24 19:14:17'),
	(622, 3, 'App\\Models\\Forms', 'layout', 'marginLeft', 'TextBox', '', '0px', 0, 'ACTIVE', '2016-12-24 12:14:17', 3, '2016-12-24 12:14:17', 3, '2016-12-24 19:14:17'),
	(623, 3, 'App\\Models\\Forms', 'brush', 'backgroundColor', 'TextBox', '', '', 0, 'ACTIVE', '2016-12-24 12:14:17', 3, '2016-12-24 12:14:17', 3, '2016-12-24 19:14:17'),
	(624, 3, 'App\\Models\\Forms', 'brush', 'backgroundImage', 'TextBox', '', '', 0, 'ACTIVE', '2016-12-24 12:14:17', 3, '2016-12-24 12:14:17', 3, '2016-12-24 19:14:17'),
	(625, 3, 'App\\Models\\Forms', 'brush', 'foregroundColor', 'TextBox', '', '#000000', 0, 'ACTIVE', '2016-12-24 12:14:17', 3, '2016-12-24 12:14:17', 3, '2016-12-24 19:14:17'),
	(626, 3, 'App\\Models\\Forms', 'text', 'size', 'TextBox', '', 'inherit', 0, 'ACTIVE', '2016-12-24 12:14:17', 3, '2016-12-24 12:14:17', 3, '2016-12-24 19:14:17'),
	(627, 3, 'App\\Models\\Forms', 'text', 'weight', 'TextBox', '', 'inherit', 0, 'ACTIVE', '2016-12-24 12:14:17', 3, '2016-12-24 12:14:17', 3, '2016-12-24 19:14:17'),
	(628, 3, 'App\\Models\\Forms', 'text', 'textDecoration', 'TextBox', '', 'inherit', 0, 'ACTIVE', '2016-12-24 12:14:17', 3, '2016-12-24 12:14:17', 3, '2016-12-24 19:14:17'),
	(629, 3, 'App\\Models\\Forms', 'text', 'style', 'TextBox', '', 'inherit', 0, 'ACTIVE', '2016-12-24 12:14:17', 3, '2016-12-24 12:14:17', 3, '2016-12-24 19:14:17'),
	(630, 24, 'App\\Models\\FormItems', 'common', 'display', 'TextBox', '', '單行文字', 0, 'ACTIVE', '2016-12-24 12:14:17', 3, '2016-12-24 12:14:17', 3, '2016-12-24 19:14:17'),
	(631, 24, 'App\\Models\\FormItems', 'common', 'description', 'TextBox', '', '', 0, 'ACTIVE', '2016-12-24 12:14:17', 3, '2016-12-24 12:14:17', 3, '2016-12-24 19:14:17'),
	(632, 24, 'App\\Models\\FormItems', 'common', 'default_value', 'TextBox', '', '', 0, 'ACTIVE', '2016-12-24 12:14:17', 3, '2016-12-24 12:14:17', 3, '2016-12-24 19:14:17'),
	(633, 24, 'App\\Models\\FormItems', 'common', 'is_searchable', 'CheckBox', '', '', 0, 'ACTIVE', '2016-12-24 12:14:17', 3, '2016-12-24 12:14:17', 3, '2016-12-24 19:14:17'),
	(634, 24, 'App\\Models\\FormItems', 'common', 'is_show_in_list', 'CheckBox', '', '', 0, 'ACTIVE', '2016-12-24 12:14:17', 3, '2016-12-24 12:14:17', 3, '2016-12-24 19:14:17'),
	(635, 24, 'App\\Models\\FormItems', 'common', 'is_show_in_mobile_list', 'CheckBox', '', '', 0, 'ACTIVE', '2016-12-24 12:14:17', 3, '2016-12-24 12:14:17', 3, '2016-12-24 19:14:17'),
	(636, 24, 'App\\Models\\FormItems', 'common', 'sort_sequence', 'TextBox', '', '', 0, 'ACTIVE', '2016-12-24 12:14:17', 3, '2016-12-24 12:14:17', 3, '2016-12-24 19:14:17'),
	(637, 24, 'App\\Models\\FormItems', 'common', 'placeholder', 'TextBox', '', '', 0, 'ACTIVE', '2016-12-24 12:14:17', 3, '2016-12-24 12:14:17', 3, '2016-12-24 19:14:17'),
	(638, 24, 'App\\Models\\FormItems', 'common', 'tooltips', 'TextBox', '', '', 0, 'ACTIVE', '2016-12-24 12:14:17', 3, '2016-12-24 12:14:17', 3, '2016-12-24 19:14:17'),
	(639, 24, 'App\\Models\\FormItems', 'layout', 'width', 'TextBox', '', '', 0, 'ACTIVE', '2016-12-24 12:14:17', 3, '2016-12-24 12:14:17', 3, '2016-12-24 19:14:17'),
	(640, 24, 'App\\Models\\FormItems', 'layout', 'height', 'TextBox', '', '', 0, 'ACTIVE', '2016-12-24 12:14:17', 3, '2016-12-24 12:14:17', 3, '2016-12-24 19:14:17'),
	(641, 24, 'App\\Models\\FormItems', 'layout', 'horizontalAlignment', 'TextBox', '', 'left', 0, 'ACTIVE', '2016-12-24 12:14:17', 3, '2016-12-24 12:14:17', 3, '2016-12-24 19:14:17'),
	(642, 24, 'App\\Models\\FormItems', 'layout', 'verticalAlignment', 'TextBox', '', 'top', 0, 'ACTIVE', '2016-12-24 12:14:17', 3, '2016-12-24 12:14:17', 3, '2016-12-24 19:14:17'),
	(643, 24, 'App\\Models\\FormItems', 'layout', 'marginTop', 'TextBox', '', '0px', 0, 'ACTIVE', '2016-12-24 12:14:17', 3, '2016-12-24 12:14:17', 3, '2016-12-24 19:14:17'),
	(644, 24, 'App\\Models\\FormItems', 'layout', 'marginRight', 'TextBox', '', '0px', 0, 'ACTIVE', '2016-12-24 12:14:17', 3, '2016-12-24 12:14:17', 3, '2016-12-24 19:14:17'),
	(645, 24, 'App\\Models\\FormItems', 'layout', 'marginBottom', 'TextBox', '', '0px', 0, 'ACTIVE', '2016-12-24 12:14:17', 3, '2016-12-24 12:14:17', 3, '2016-12-24 19:14:17'),
	(646, 24, 'App\\Models\\FormItems', 'layout', 'marginLeft', 'TextBox', '', '0px', 0, 'ACTIVE', '2016-12-24 12:14:17', 3, '2016-12-24 12:14:17', 3, '2016-12-24 19:14:17'),
	(647, 24, 'App\\Models\\FormItems', 'brush', 'backgroundColor', 'TextBox', '', '', 0, 'ACTIVE', '2016-12-24 12:14:17', 3, '2016-12-24 12:14:17', 3, '2016-12-24 19:14:17'),
	(648, 24, 'App\\Models\\FormItems', 'brush', 'backgroundImage', 'TextBox', '', '', 0, 'ACTIVE', '2016-12-24 12:14:17', 3, '2016-12-24 12:14:17', 3, '2016-12-24 19:14:17'),
	(649, 24, 'App\\Models\\FormItems', 'brush', 'foregroundColor', 'TextBox', '', '#000000', 0, 'ACTIVE', '2016-12-24 12:14:17', 3, '2016-12-24 12:14:17', 3, '2016-12-24 19:14:17'),
	(650, 24, 'App\\Models\\FormItems', 'text', 'size', 'TextBox', '', 'inherit', 0, 'ACTIVE', '2016-12-24 12:14:17', 3, '2016-12-24 12:14:17', 3, '2016-12-24 19:14:17'),
	(651, 24, 'App\\Models\\FormItems', 'text', 'weight', 'TextBox', '', 'inherit', 0, 'ACTIVE', '2016-12-24 12:14:17', 3, '2016-12-24 12:14:17', 3, '2016-12-24 19:14:17'),
	(652, 24, 'App\\Models\\FormItems', 'text', 'textDecoration', 'TextBox', '', 'inherit', 0, 'ACTIVE', '2016-12-24 12:14:17', 3, '2016-12-24 12:14:17', 3, '2016-12-24 19:14:17'),
	(653, 24, 'App\\Models\\FormItems', 'text', 'style', 'TextBox', '', 'inherit', 0, 'ACTIVE', '2016-12-24 12:14:17', 3, '2016-12-24 12:14:17', 3, '2016-12-24 19:14:17'),
	(654, 4, 'App\\Models\\Forms', 'common', 'display', 'TextBox', '', 'new form111', 0, 'ACTIVE', '2016-12-24 14:44:08', 3, '2016-12-24 14:44:08', 3, '2016-12-24 21:44:08'),
	(655, 4, 'App\\Models\\Forms', 'common', 'description', 'TextBox', '', '', 0, 'ACTIVE', '2016-12-24 14:44:08', 3, '2016-12-24 14:44:08', 3, '2016-12-24 21:44:08'),
	(656, 4, 'App\\Models\\Forms', 'common', 'default_value', 'TextBox', '', '', 0, 'ACTIVE', '2016-12-24 14:44:08', 3, '2016-12-24 14:44:08', 3, '2016-12-24 21:44:08'),
	(657, 4, 'App\\Models\\Forms', 'common', 'is_searchable', 'CheckBox', '', '', 0, 'ACTIVE', '2016-12-24 14:44:08', 3, '2016-12-24 14:44:08', 3, '2016-12-24 21:44:08'),
	(658, 4, 'App\\Models\\Forms', 'common', 'is_show_in_list', 'CheckBox', '', '', 0, 'ACTIVE', '2016-12-24 14:44:08', 3, '2016-12-24 14:44:08', 3, '2016-12-24 21:44:08'),
	(659, 4, 'App\\Models\\Forms', 'common', 'is_show_in_mobile_list', 'CheckBox', '', '', 0, 'ACTIVE', '2016-12-24 14:44:08', 3, '2016-12-24 14:44:08', 3, '2016-12-24 21:44:08'),
	(660, 4, 'App\\Models\\Forms', 'common', 'sort_sequence', 'TextBox', '', '', 0, 'ACTIVE', '2016-12-24 14:44:08', 3, '2016-12-24 14:44:08', 3, '2016-12-24 21:44:08'),
	(661, 4, 'App\\Models\\Forms', 'common', 'placeholder', 'TextBox', '', '', 0, 'ACTIVE', '2016-12-24 14:44:08', 3, '2016-12-24 14:44:08', 3, '2016-12-24 21:44:08'),
	(662, 4, 'App\\Models\\Forms', 'common', 'tooltips', 'TextBox', '', '', 0, 'ACTIVE', '2016-12-24 14:44:08', 3, '2016-12-24 14:44:08', 3, '2016-12-24 21:44:08'),
	(663, 4, 'App\\Models\\Forms', 'layout', 'width', 'TextBox', '', '', 0, 'ACTIVE', '2016-12-24 14:44:08', 3, '2016-12-24 14:44:08', 3, '2016-12-24 21:44:08'),
	(664, 4, 'App\\Models\\Forms', 'layout', 'height', 'TextBox', '', '', 0, 'ACTIVE', '2016-12-24 14:44:08', 3, '2016-12-24 14:44:08', 3, '2016-12-24 21:44:08'),
	(665, 4, 'App\\Models\\Forms', 'layout', 'horizontalAlignment', 'TextBox', '', 'left', 0, 'ACTIVE', '2016-12-24 14:44:08', 3, '2016-12-24 14:44:08', 3, '2016-12-24 21:44:08'),
	(666, 4, 'App\\Models\\Forms', 'layout', 'verticalAlignment', 'TextBox', '', 'top', 0, 'ACTIVE', '2016-12-24 14:44:08', 3, '2016-12-24 14:44:08', 3, '2016-12-24 21:44:08'),
	(667, 4, 'App\\Models\\Forms', 'layout', 'marginTop', 'TextBox', '', '0px', 0, 'ACTIVE', '2016-12-24 14:44:08', 3, '2016-12-24 14:44:08', 3, '2016-12-24 21:44:08'),
	(668, 4, 'App\\Models\\Forms', 'layout', 'marginRight', 'TextBox', '', '0px', 0, 'ACTIVE', '2016-12-24 14:44:08', 3, '2016-12-24 14:44:08', 3, '2016-12-24 21:44:08'),
	(669, 4, 'App\\Models\\Forms', 'layout', 'marginBottom', 'TextBox', '', '0px', 0, 'ACTIVE', '2016-12-24 14:44:08', 3, '2016-12-24 14:44:08', 3, '2016-12-24 21:44:08'),
	(670, 4, 'App\\Models\\Forms', 'layout', 'marginLeft', 'TextBox', '', '0px', 0, 'ACTIVE', '2016-12-24 14:44:08', 3, '2016-12-24 14:44:08', 3, '2016-12-24 21:44:08'),
	(671, 4, 'App\\Models\\Forms', 'brush', 'backgroundColor', 'TextBox', '', '', 0, 'ACTIVE', '2016-12-24 14:44:08', 3, '2016-12-24 14:44:08', 3, '2016-12-24 21:44:08'),
	(672, 4, 'App\\Models\\Forms', 'brush', 'backgroundImage', 'TextBox', '', '', 0, 'ACTIVE', '2016-12-24 14:44:08', 3, '2016-12-24 14:44:08', 3, '2016-12-24 21:44:08'),
	(673, 4, 'App\\Models\\Forms', 'brush', 'foregroundColor', 'TextBox', '', '#000000', 0, 'ACTIVE', '2016-12-24 14:44:08', 3, '2016-12-24 14:44:08', 3, '2016-12-24 21:44:08'),
	(674, 4, 'App\\Models\\Forms', 'text', 'size', 'TextBox', '', 'inherit', 0, 'ACTIVE', '2016-12-24 14:44:08', 3, '2016-12-24 14:44:08', 3, '2016-12-24 21:44:08'),
	(675, 4, 'App\\Models\\Forms', 'text', 'weight', 'TextBox', '', 'inherit', 0, 'ACTIVE', '2016-12-24 14:44:08', 3, '2016-12-24 14:44:08', 3, '2016-12-24 21:44:08'),
	(676, 4, 'App\\Models\\Forms', 'text', 'textDecoration', 'TextBox', '', 'inherit', 0, 'ACTIVE', '2016-12-24 14:44:08', 3, '2016-12-24 14:44:08', 3, '2016-12-24 21:44:08'),
	(677, 4, 'App\\Models\\Forms', 'text', 'style', 'TextBox', '', 'inherit', 0, 'ACTIVE', '2016-12-24 14:44:08', 3, '2016-12-24 14:44:08', 3, '2016-12-24 21:44:08'),
	(678, 25, 'App\\Models\\FormItems', 'common', 'display', 'TextBox', '', '單行文字', 0, 'ACTIVE', '2016-12-24 14:44:08', 3, '2016-12-24 14:44:08', 3, '2016-12-24 21:44:08'),
	(679, 25, 'App\\Models\\FormItems', 'common', 'description', 'TextBox', '', '', 0, 'ACTIVE', '2016-12-24 14:44:08', 3, '2016-12-24 14:44:08', 3, '2016-12-24 21:44:08'),
	(680, 25, 'App\\Models\\FormItems', 'common', 'default_value', 'TextBox', '', '', 0, 'ACTIVE', '2016-12-24 14:44:08', 3, '2016-12-24 14:44:08', 3, '2016-12-24 21:44:08'),
	(681, 25, 'App\\Models\\FormItems', 'common', 'is_searchable', 'CheckBox', '', '', 0, 'ACTIVE', '2016-12-24 14:44:08', 3, '2016-12-24 14:44:08', 3, '2016-12-24 21:44:08'),
	(682, 25, 'App\\Models\\FormItems', 'common', 'is_show_in_list', 'CheckBox', '', '', 0, 'ACTIVE', '2016-12-24 14:44:08', 3, '2016-12-24 14:44:08', 3, '2016-12-24 21:44:08'),
	(683, 25, 'App\\Models\\FormItems', 'common', 'is_show_in_mobile_list', 'CheckBox', '', '', 0, 'ACTIVE', '2016-12-24 14:44:08', 3, '2016-12-24 14:44:08', 3, '2016-12-24 21:44:08'),
	(684, 25, 'App\\Models\\FormItems', 'common', 'sort_sequence', 'TextBox', '', '', 0, 'ACTIVE', '2016-12-24 14:44:08', 3, '2016-12-24 14:44:08', 3, '2016-12-24 21:44:08'),
	(685, 25, 'App\\Models\\FormItems', 'common', 'placeholder', 'TextBox', '', '', 0, 'ACTIVE', '2016-12-24 14:44:08', 3, '2016-12-24 14:44:08', 3, '2016-12-24 21:44:08'),
	(686, 25, 'App\\Models\\FormItems', 'common', 'tooltips', 'TextBox', '', '', 0, 'ACTIVE', '2016-12-24 14:44:08', 3, '2016-12-24 14:44:08', 3, '2016-12-24 21:44:08'),
	(687, 25, 'App\\Models\\FormItems', 'layout', 'width', 'TextBox', '', '', 0, 'ACTIVE', '2016-12-24 14:44:08', 3, '2016-12-24 14:44:08', 3, '2016-12-24 21:44:08'),
	(688, 25, 'App\\Models\\FormItems', 'layout', 'height', 'TextBox', '', '', 0, 'ACTIVE', '2016-12-24 14:44:08', 3, '2016-12-24 14:44:08', 3, '2016-12-24 21:44:08'),
	(689, 25, 'App\\Models\\FormItems', 'layout', 'horizontalAlignment', 'TextBox', '', 'left', 0, 'ACTIVE', '2016-12-24 14:44:08', 3, '2016-12-24 14:44:08', 3, '2016-12-24 21:44:08'),
	(690, 25, 'App\\Models\\FormItems', 'layout', 'verticalAlignment', 'TextBox', '', 'top', 0, 'ACTIVE', '2016-12-24 14:44:08', 3, '2016-12-24 14:44:08', 3, '2016-12-24 21:44:08'),
	(691, 25, 'App\\Models\\FormItems', 'layout', 'marginTop', 'TextBox', '', '0px', 0, 'ACTIVE', '2016-12-24 14:44:08', 3, '2016-12-24 14:44:08', 3, '2016-12-24 21:44:08'),
	(692, 25, 'App\\Models\\FormItems', 'layout', 'marginRight', 'TextBox', '', '0px', 0, 'ACTIVE', '2016-12-24 14:44:08', 3, '2016-12-24 14:44:08', 3, '2016-12-24 21:44:08'),
	(693, 25, 'App\\Models\\FormItems', 'layout', 'marginBottom', 'TextBox', '', '0px', 0, 'ACTIVE', '2016-12-24 14:44:08', 3, '2016-12-24 14:44:08', 3, '2016-12-24 21:44:08'),
	(694, 25, 'App\\Models\\FormItems', 'layout', 'marginLeft', 'TextBox', '', '0px', 0, 'ACTIVE', '2016-12-24 14:44:08', 3, '2016-12-24 14:44:08', 3, '2016-12-24 21:44:08'),
	(695, 25, 'App\\Models\\FormItems', 'brush', 'backgroundColor', 'TextBox', '', '', 0, 'ACTIVE', '2016-12-24 14:44:08', 3, '2016-12-24 14:44:08', 3, '2016-12-24 21:44:08'),
	(696, 25, 'App\\Models\\FormItems', 'brush', 'backgroundImage', 'TextBox', '', '', 0, 'ACTIVE', '2016-12-24 14:44:08', 3, '2016-12-24 14:44:08', 3, '2016-12-24 21:44:08'),
	(697, 25, 'App\\Models\\FormItems', 'brush', 'foregroundColor', 'TextBox', '', '#000000', 0, 'ACTIVE', '2016-12-24 14:44:08', 3, '2016-12-24 14:44:08', 3, '2016-12-24 21:44:08'),
	(698, 25, 'App\\Models\\FormItems', 'text', 'size', 'TextBox', '', 'inherit', 0, 'ACTIVE', '2016-12-24 14:44:08', 3, '2016-12-24 14:44:08', 3, '2016-12-24 21:44:08'),
	(699, 25, 'App\\Models\\FormItems', 'text', 'weight', 'TextBox', '', 'inherit', 0, 'ACTIVE', '2016-12-24 14:44:08', 3, '2016-12-24 14:44:08', 3, '2016-12-24 21:44:08'),
	(700, 25, 'App\\Models\\FormItems', 'text', 'textDecoration', 'TextBox', '', 'inherit', 0, 'ACTIVE', '2016-12-24 14:44:08', 3, '2016-12-24 14:44:08', 3, '2016-12-24 21:44:08'),
	(701, 25, 'App\\Models\\FormItems', 'text', 'style', 'TextBox', '', 'inherit', 0, 'ACTIVE', '2016-12-24 14:44:08', 3, '2016-12-24 14:44:08', 3, '2016-12-24 21:44:08'),
	(702, 26, 'App\\Models\\FormItems', 'common', 'display', 'TextBox', '', '多行文本', 0, 'ACTIVE', '2016-12-24 14:48:24', 3, '2016-12-24 14:48:24', 3, '2016-12-24 21:48:24'),
	(703, 26, 'App\\Models\\FormItems', 'common', 'description', 'TextBox', '', '', 0, 'ACTIVE', '2016-12-24 14:48:24', 3, '2016-12-24 14:48:24', 3, '2016-12-24 21:48:24'),
	(704, 26, 'App\\Models\\FormItems', 'common', 'default_value', 'TextBox', '', '', 0, 'ACTIVE', '2016-12-24 14:48:24', 3, '2016-12-24 14:48:24', 3, '2016-12-24 21:48:24'),
	(705, 26, 'App\\Models\\FormItems', 'common', 'is_searchable', 'CheckBox', '', '', 0, 'ACTIVE', '2016-12-24 14:48:24', 3, '2016-12-24 14:48:24', 3, '2016-12-24 21:48:24'),
	(706, 26, 'App\\Models\\FormItems', 'common', 'is_show_in_list', 'CheckBox', '', '', 0, 'ACTIVE', '2016-12-24 14:48:24', 3, '2016-12-24 14:48:24', 3, '2016-12-24 21:48:24'),
	(707, 26, 'App\\Models\\FormItems', 'common', 'is_show_in_mobile_list', 'CheckBox', '', '', 0, 'ACTIVE', '2016-12-24 14:48:24', 3, '2016-12-24 14:48:24', 3, '2016-12-24 21:48:24'),
	(708, 26, 'App\\Models\\FormItems', 'common', 'sort_sequence', 'TextBox', '', '', 0, 'ACTIVE', '2016-12-24 14:48:24', 3, '2016-12-24 14:48:24', 3, '2016-12-24 21:48:24'),
	(709, 26, 'App\\Models\\FormItems', 'common', 'placeholder', 'TextBox', '', '', 0, 'ACTIVE', '2016-12-24 14:48:24', 3, '2016-12-24 14:48:24', 3, '2016-12-24 21:48:24'),
	(710, 26, 'App\\Models\\FormItems', 'common', 'tooltips', 'TextBox', '', '', 0, 'ACTIVE', '2016-12-24 14:48:24', 3, '2016-12-24 14:48:24', 3, '2016-12-24 21:48:24'),
	(711, 26, 'App\\Models\\FormItems', 'layout', 'width', 'TextBox', '', '', 0, 'ACTIVE', '2016-12-24 14:48:24', 3, '2016-12-24 14:48:24', 3, '2016-12-24 21:48:24'),
	(712, 26, 'App\\Models\\FormItems', 'layout', 'height', 'TextBox', '', '', 0, 'ACTIVE', '2016-12-24 14:48:24', 3, '2016-12-24 14:48:24', 3, '2016-12-24 21:48:24'),
	(713, 26, 'App\\Models\\FormItems', 'layout', 'horizontalAlignment', 'TextBox', '', 'left', 0, 'ACTIVE', '2016-12-24 14:48:24', 3, '2016-12-24 14:48:24', 3, '2016-12-24 21:48:24'),
	(714, 26, 'App\\Models\\FormItems', 'layout', 'verticalAlignment', 'TextBox', '', 'top', 0, 'ACTIVE', '2016-12-24 14:48:24', 3, '2016-12-24 14:48:24', 3, '2016-12-24 21:48:24'),
	(715, 26, 'App\\Models\\FormItems', 'layout', 'marginTop', 'TextBox', '', '0px', 0, 'ACTIVE', '2016-12-24 14:48:24', 3, '2016-12-24 14:48:24', 3, '2016-12-24 21:48:24'),
	(716, 26, 'App\\Models\\FormItems', 'layout', 'marginRight', 'TextBox', '', '0px', 0, 'ACTIVE', '2016-12-24 14:48:24', 3, '2016-12-24 14:48:24', 3, '2016-12-24 21:48:24'),
	(717, 26, 'App\\Models\\FormItems', 'layout', 'marginBottom', 'TextBox', '', '0px', 0, 'ACTIVE', '2016-12-24 14:48:24', 3, '2016-12-24 14:48:24', 3, '2016-12-24 21:48:24'),
	(718, 26, 'App\\Models\\FormItems', 'layout', 'marginLeft', 'TextBox', '', '0px', 0, 'ACTIVE', '2016-12-24 14:48:24', 3, '2016-12-24 14:48:24', 3, '2016-12-24 21:48:24'),
	(719, 26, 'App\\Models\\FormItems', 'brush', 'backgroundColor', 'TextBox', '', '', 0, 'ACTIVE', '2016-12-24 14:48:24', 3, '2016-12-24 14:48:24', 3, '2016-12-24 21:48:24'),
	(720, 26, 'App\\Models\\FormItems', 'brush', 'backgroundImage', 'TextBox', '', '', 0, 'ACTIVE', '2016-12-24 14:48:24', 3, '2016-12-24 14:48:24', 3, '2016-12-24 21:48:24'),
	(721, 26, 'App\\Models\\FormItems', 'brush', 'foregroundColor', 'TextBox', '', '#000000', 0, 'ACTIVE', '2016-12-24 14:48:24', 3, '2016-12-24 14:48:24', 3, '2016-12-24 21:48:24'),
	(722, 26, 'App\\Models\\FormItems', 'text', 'size', 'TextBox', '', 'inherit', 0, 'ACTIVE', '2016-12-24 14:48:24', 3, '2016-12-24 14:48:24', 3, '2016-12-24 21:48:24'),
	(723, 26, 'App\\Models\\FormItems', 'text', 'weight', 'TextBox', '', 'inherit', 0, 'ACTIVE', '2016-12-24 14:48:24', 3, '2016-12-24 14:48:24', 3, '2016-12-24 21:48:24'),
	(724, 26, 'App\\Models\\FormItems', 'text', 'textDecoration', 'TextBox', '', 'inherit', 0, 'ACTIVE', '2016-12-24 14:48:24', 3, '2016-12-24 14:48:24', 3, '2016-12-24 21:48:24'),
	(725, 26, 'App\\Models\\FormItems', 'text', 'style', 'TextBox', '', 'inherit', 0, 'ACTIVE', '2016-12-24 14:48:24', 3, '2016-12-24 14:48:24', 3, '2016-12-24 21:48:24');
/*!40000 ALTER TABLE `item_properties` ENABLE KEYS */;

/*!40101 SET SQL_MODE=IFNULL(@OLD_SQL_MODE, '') */;
/*!40014 SET FOREIGN_KEY_CHECKS=IF(@OLD_FOREIGN_KEY_CHECKS IS NULL, 1, @OLD_FOREIGN_KEY_CHECKS) */;
/*!40101 SET CHARACTER_SET_CLIENT=@OLD_CHARACTER_SET_CLIENT */;
